[     234ms] [ERROR] Failed to load resource: net::ERR_INTERNET_DISCONNECTED @ https://ogads-pa.clients6.google.com/$rpc/google.internal.onegoogle.asyncdata.v1.AsyncDataService/GetAsyncData:0
[   17877ms] [LOG] Error: poki test error @ https://poki.com/:48
[   21680ms] [INFO] %cGoogle Analytics is blocked by Poki, refer to our privacy statement (https://poki.com/en/privacy) background:rgb(0, 156, 255);color:#fff @ https://a.poki-cdn.com/assets/client~6728~b0981abbb8e7b31e6d60.js:0
[   21801ms] [ERROR] Failed to load resource: the server responded with a status of 401 () @ https://poki-auth.poki.com/sessions/whoami:0
[   24090ms] [WARNING] Origin trial controlled feature not enabled: 'focus-without-user-activation'. @ https://a.poki-cdn.com/assets/client~vendors-44631df6~94f869d9078485208754.js:0
[   24091ms] [WARNING] Unrecognized feature: 'monetization'. @ https://a.poki-cdn.com/assets/client~vendors-44631df6~94f869d9078485208754.js:0
[   24091ms] [WARNING] Allow attribute will take precedence over 'allowfullscreen'. @ https://a.poki-cdn.com/assets/client~vendors-44631df6~94f869d9078485208754.js:0
[   25288ms] [INFO] %cPOKI:%c PokiSDK.measure(game, loading, start) background-color: green; border-radius: 3px; color: white; padding: 1px 5px  @ https://game-cdn.poki.com/scripts/v2/poki-sdk.js:0
[   25991ms] [INFO] %cPOKI:%c PokiSDK.init( background-color: green; border-radius: 3px; color: white; padding: 1px 5px  {} ) @ https://game-cdn.poki.com/scripts/460329bfef41a6d4fb73f6638b23a446bee97c21/poki-sdk-hoist-460329bfef41a6d4fb73f6638b23a446bee97c21.js:0
[   28248ms] [ERROR] Failed to load resource: net::ERR_CONNECTION_REFUSED @ https://securepubads.g.doubleclick.net/tag/js/gpt.js:0
[   28248ms] [ERROR] Failed to load resource: net::ERR_CONNECTION_REFUSED @ https://5lgx5w5cgs9pyyu8u.ay.delivery/client-v2.js:0
[   29071ms] [ERROR] Failed to load resource: net::ERR_CONNECTION_REFUSED @ https://gqp4knbp4m2tmmbda.ay.delivery/hash?e=GQP4knBP4M2tmmbDA&k=control&v=1:0
[   29072ms] [ERROR] Failed to load resource: net::ERR_CONNECTION_REFUSED @ https://gqp4knbp4m2tmmbda.ay.delivery/floorPrice/v5/GQP4knBP4M2tmmbDA?t=1786654074433&d=poki.com:0
[   29072ms] [ERROR] Failed to load resource: net::ERR_CONNECTION_REFUSED @ https://gqp4knbp4m2tmmbda.ay.delivery/forest/GQP4knBP4M2tmmbDA/js/bid/forest.min.js:0
[   30689ms] [WARNING] Handler scope is deprecated. Use arrow function or bind. @ https://a.poki-cdn.com/ay/client-v2_fd398e0df0a7a854269de40c2618f8c80812d2d1.js:16
[   30689ms] [WARNING] Handler scope is deprecated. Use arrow function or bind. @ https://a.poki-cdn.com/ay/client-v2_fd398e0df0a7a854269de40c2618f8c80812d2d1.js:16
[   30697ms] [WARNING] Handler scope is deprecated. Use arrow function or bind. @ https://a.poki-cdn.com/ay/client-v2_fd398e0df0a7a854269de40c2618f8c80812d2d1.js:16
[   30697ms] [WARNING] Handler scope is deprecated. Use arrow function or bind. @ https://a.poki-cdn.com/ay/client-v2_fd398e0df0a7a854269de40c2618f8c80812d2d1.js:16
[   30698ms] [ERROR] %cPOKI:%c Bot, IMA or Adblocker error background-color: red; border-radius: 3px; color: white; padding: 1px 5px  @ https://a.poki-cdn.com/ay/client-v2_fd398e0df0a7a854269de40c2618f8c80812d2d1.js:16
[   30699ms] [ERROR] %cPOKI:%c Bot, IMA or Adblocker error background-color: red; border-radius: 3px; color: white; padding: 1px 5px  @ https://a.poki-cdn.com/ay/client-v2_fd398e0df0a7a854269de40c2618f8c80812d2d1.js:16
[   30699ms] [ERROR] %cPOKI:%c Bot, IMA or Adblocker error background-color: red; border-radius: 3px; color: white; padding: 1px 5px  @ https://a.poki-cdn.com/ay/client-v2_fd398e0df0a7a854269de40c2618f8c80812d2d1.js:16
[   30699ms] [WARNING] Handler scope is deprecated. Use arrow function or bind. @ https://a.poki-cdn.com/ay/client-v2_fd398e0df0a7a854269de40c2618f8c80812d2d1.js:16
[   30699ms] [WARNING] Handler scope is deprecated. Use arrow function or bind. @ https://a.poki-cdn.com/ay/client-v2_fd398e0df0a7a854269de40c2618f8c80812d2d1.js:16
[   30921ms] [ERROR] Failed to load resource: net::ERR_CONNECTION_REFUSED @ https://s0.2mdn.net/instream/video/client.js:0
[   30921ms] [ERROR] Failed to load resource: net::ERR_CONNECTION_REFUSED @ https://pagead2.googlesyndication.com/omsdk/releases/live/omweb-v1.js:0
[   31330ms] [LOG] Running... @ https://13acae8c-ec6a-4823-b1a2-8ea20cea56e7.gdn.poki.com/9ef51f5e-921b-41a6-a247-2d8d82951e63/dmloader.js:912
[   31338ms] [LOG]  @ https://13acae8c-ec6a-4823-b1a2-8ea20cea56e7.gdn.poki.com/9ef51f5e-921b-41a6-a247-2d8d82951e63/dmloader.js:912
[   33863ms] [INFO] %cPOKI:%c PokiSDK.gameLoadingFinished( background-color: green; border-radius: 3px; color: white; padding: 1px 5px  ) @ https://game-cdn.poki.com/scripts/460329bfef41a6d4fb73f6638b23a446bee97c21/poki-sdk-hoist-460329bfef41a6d4fb73f6638b23a446bee97c21.js:0
[   33864ms] [INFO] %cPOKI:%c PokiSDK.measure(game, loading, complete) background-color: green; border-radius: 3px; color: white; padding: 1px 5px  @ https://game-cdn.poki.com/scripts/v2/poki-sdk.js:0
[   50980ms] [INFO] %cPOKI:%c PokiSDK.commercialBreak( background-color: green; border-radius: 3px; color: white; padding: 1px 5px  function _commercialBreakStartedCallback(){var msg=PokiSdk.COMMERCIAL_BREAK_START;getWasmTableEntry(PokiSdk._callback)(msg)} ) @ https://game-cdn.poki.com/scripts/460329bfef41a6d4fb73f6638b23a446bee97c21/poki-sdk-hoist-460329bfef41a6d4fb73f6638b23a446bee97c21.js:0
[   50984ms] [INFO] %cPOKI:%c commercialBreak not possible before gameplayStart background-color: green; border-radius: 3px; color: white; padding: 1px 5px  @ https://game-cdn.poki.com/scripts/460329bfef41a6d4fb73f6638b23a446bee97c21/poki-sdk-playground-460329bfef41a6d4fb73f6638b23a446bee97c21.js:0
[   50989ms] [ERROR] %cPOKI:%c Bot, IMA or Adblocker error background-color: red; border-radius: 3px; color: white; padding: 1px 5px  @ https://a.poki-cdn.com/ay/client-v2_fd398e0df0a7a854269de40c2618f8c80812d2d1.js:16
[   50989ms] [ERROR] %cPOKI:%c Bot, IMA or Adblocker error background-color: red; border-radius: 3px; color: white; padding: 1px 5px  @ https://a.poki-cdn.com/ay/client-v2_fd398e0df0a7a854269de40c2618f8c80812d2d1.js:16
[   50990ms] [ERROR] %cPOKI:%c Bot, IMA or Adblocker error background-color: red; border-radius: 3px; color: white; padding: 1px 5px  @ https://a.poki-cdn.com/ay/client-v2_fd398e0df0a7a854269de40c2618f8c80812d2d1.js:16
[   51026ms] [INFO] %cPOKI:%c PokiSDK.measure(level, 2-1-1, start, null) background-color: green; border-radius: 3px; color: white; padding: 1px 5px  @ https://game-cdn.poki.com/scripts/v2/poki-sdk.js:0
[   51273ms] [LOG] DOMToGLFWKeyCode keycode = 38 code = ArrowUp @ https://13acae8c-ec6a-4823-b1a2-8ea20cea56e7.gdn.poki.com/9ef51f5e-921b-41a6-a247-2d8d82951e63/LevelDevil_wasm.js:0
[   51278ms] [INFO] %cPOKI:%c PokiSDK.gameplayStart( background-color: green; border-radius: 3px; color: white; padding: 1px 5px   ) @ https://game-cdn.poki.com/scripts/460329bfef41a6d4fb73f6638b23a446bee97c21/poki-sdk-hoist-460329bfef41a6d4fb73f6638b23a446bee97c21.js:0
[   51386ms] [LOG] DOMToGLFWKeyCode keycode = 38 code = ArrowUp @ https://13acae8c-ec6a-4823-b1a2-8ea20cea56e7.gdn.poki.com/9ef51f5e-921b-41a6-a247-2d8d82951e63/LevelDevil_wasm.js:0
[   51876ms] [LOG] DOMToGLFWKeyCode keycode = 39 code = ArrowRight @ https://13acae8c-ec6a-4823-b1a2-8ea20cea56e7.gdn.poki.com/9ef51f5e-921b-41a6-a247-2d8d82951e63/LevelDevil_wasm.js:0
[   52163ms] [LOG] DOMToGLFWKeyCode keycode = 39 code = ArrowRight @ https://13acae8c-ec6a-4823-b1a2-8ea20cea56e7.gdn.poki.com/9ef51f5e-921b-41a6-a247-2d8d82951e63/LevelDevil_wasm.js:0
[   52403ms] [LOG] DOMToGLFWKeyCode keycode = 37 code = ArrowLeft @ https://13acae8c-ec6a-4823-b1a2-8ea20cea56e7.gdn.poki.com/9ef51f5e-921b-41a6-a247-2d8d82951e63/LevelDevil_wasm.js:0
[   52732ms] [LOG] DOMToGLFWKeyCode keycode = 37 code = ArrowLeft @ https://13acae8c-ec6a-4823-b1a2-8ea20cea56e7.gdn.poki.com/9ef51f5e-921b-41a6-a247-2d8d82951e63/LevelDevil_wasm.js:0
[   53122ms] [LOG] DOMToGLFWKeyCode keycode = 65 code = KeyA @ https://13acae8c-ec6a-4823-b1a2-8ea20cea56e7.gdn.poki.com/9ef51f5e-921b-41a6-a247-2d8d82951e63/LevelDevil_wasm.js:0
[   53524ms] [LOG] DOMToGLFWKeyCode keycode = 65 code = KeyA @ https://13acae8c-ec6a-4823-b1a2-8ea20cea56e7.gdn.poki.com/9ef51f5e-921b-41a6-a247-2d8d82951e63/LevelDevil_wasm.js:0
[   53659ms] [LOG] DOMToGLFWKeyCode keycode = 87 code = KeyW @ https://13acae8c-ec6a-4823-b1a2-8ea20cea56e7.gdn.poki.com/9ef51f5e-921b-41a6-a247-2d8d82951e63/LevelDevil_wasm.js:0
[   53787ms] [LOG] DOMToGLFWKeyCode keycode = 87 code = KeyW @ https://13acae8c-ec6a-4823-b1a2-8ea20cea56e7.gdn.poki.com/9ef51f5e-921b-41a6-a247-2d8d82951e63/LevelDevil_wasm.js:0
[   54295ms] [LOG] DOMToGLFWKeyCode keycode = 37 code = ArrowLeft @ https://13acae8c-ec6a-4823-b1a2-8ea20cea56e7.gdn.poki.com/9ef51f5e-921b-41a6-a247-2d8d82951e63/LevelDevil_wasm.js:0
[   54795ms] [LOG] DOMToGLFWKeyCode keycode = 37 code = ArrowLeft @ https://13acae8c-ec6a-4823-b1a2-8ea20cea56e7.gdn.poki.com/9ef51f5e-921b-41a6-a247-2d8d82951e63/LevelDevil_wasm.js:0
[   54879ms] [LOG] DOMToGLFWKeyCode keycode = 37 code = ArrowLeft @ https://13acae8c-ec6a-4823-b1a2-8ea20cea56e7.gdn.poki.com/9ef51f5e-921b-41a6-a247-2d8d82951e63/LevelDevil_wasm.js:0
[   54963ms] [LOG] DOMToGLFWKeyCode keycode = 37 code = ArrowLeft @ https://13acae8c-ec6a-4823-b1a2-8ea20cea56e7.gdn.poki.com/9ef51f5e-921b-41a6-a247-2d8d82951e63/LevelDevil_wasm.js:0
[   55046ms] [LOG] DOMToGLFWKeyCode keycode = 37 code = ArrowLeft @ https://13acae8c-ec6a-4823-b1a2-8ea20cea56e7.gdn.poki.com/9ef51f5e-921b-41a6-a247-2d8d82951e63/LevelDevil_wasm.js:0
[   55130ms] [LOG] DOMToGLFWKeyCode keycode = 37 code = ArrowLeft @ https://13acae8c-ec6a-4823-b1a2-8ea20cea56e7.gdn.poki.com/9ef51f5e-921b-41a6-a247-2d8d82951e63/LevelDevil_wasm.js:0
[   55213ms] [LOG] DOMToGLFWKeyCode keycode = 37 code = ArrowLeft @ https://13acae8c-ec6a-4823-b1a2-8ea20cea56e7.gdn.poki.com/9ef51f5e-921b-41a6-a247-2d8d82951e63/LevelDevil_wasm.js:0
[   55296ms] [LOG] DOMToGLFWKeyCode keycode = 37 code = ArrowLeft @ https://13acae8c-ec6a-4823-b1a2-8ea20cea56e7.gdn.poki.com/9ef51f5e-921b-41a6-a247-2d8d82951e63/LevelDevil_wasm.js:0
[   55358ms] [LOG] DOMToGLFWKeyCode keycode = 38 code = ArrowUp @ https://13acae8c-ec6a-4823-b1a2-8ea20cea56e7.gdn.poki.com/9ef51f5e-921b-41a6-a247-2d8d82951e63/LevelDevil_wasm.js:0
[   55538ms] [LOG] DOMToGLFWKeyCode keycode = 37 code = ArrowLeft @ https://13acae8c-ec6a-4823-b1a2-8ea20cea56e7.gdn.poki.com/9ef51f5e-921b-41a6-a247-2d8d82951e63/LevelDevil_wasm.js:0
[   55558ms] [LOG] DOMToGLFWKeyCode keycode = 38 code = ArrowUp @ https://13acae8c-ec6a-4823-b1a2-8ea20cea56e7.gdn.poki.com/9ef51f5e-921b-41a6-a247-2d8d82951e63/LevelDevil_wasm.js:0
[   55753ms] [LOG] DOMToGLFWKeyCode keycode = 38 code = ArrowUp @ https://13acae8c-ec6a-4823-b1a2-8ea20cea56e7.gdn.poki.com/9ef51f5e-921b-41a6-a247-2d8d82951e63/LevelDevil_wasm.js:0
[   55809ms] [LOG] DOMToGLFWKeyCode keycode = 37 code = ArrowLeft @ https://13acae8c-ec6a-4823-b1a2-8ea20cea56e7.gdn.poki.com/9ef51f5e-921b-41a6-a247-2d8d82951e63/LevelDevil_wasm.js:0
[   56028ms] [LOG] DOMToGLFWKeyCode keycode = 37 code = ArrowLeft @ https://13acae8c-ec6a-4823-b1a2-8ea20cea56e7.gdn.poki.com/9ef51f5e-921b-41a6-a247-2d8d82951e63/LevelDevil_wasm.js:0
[   56525ms] [LOG] DOMToGLFWKeyCode keycode = 37 code = ArrowLeft @ https://13acae8c-ec6a-4823-b1a2-8ea20cea56e7.gdn.poki.com/9ef51f5e-921b-41a6-a247-2d8d82951e63/LevelDevil_wasm.js:0
[   56549ms] [LOG] DOMToGLFWKeyCode keycode = 38 code = ArrowUp @ https://13acae8c-ec6a-4823-b1a2-8ea20cea56e7.gdn.poki.com/9ef51f5e-921b-41a6-a247-2d8d82951e63/LevelDevil_wasm.js:0
[   57025ms] [LOG] DOMToGLFWKeyCode keycode = 37 code = ArrowLeft @ https://13acae8c-ec6a-4823-b1a2-8ea20cea56e7.gdn.poki.com/9ef51f5e-921b-41a6-a247-2d8d82951e63/LevelDevil_wasm.js:0
[   57108ms] [LOG] DOMToGLFWKeyCode keycode = 37 code = ArrowLeft @ https://13acae8c-ec6a-4823-b1a2-8ea20cea56e7.gdn.poki.com/9ef51f5e-921b-41a6-a247-2d8d82951e63/LevelDevil_wasm.js:0
[   57192ms] [LOG] DOMToGLFWKeyCode keycode = 37 code = ArrowLeft @ https://13acae8c-ec6a-4823-b1a2-8ea20cea56e7.gdn.poki.com/9ef51f5e-921b-41a6-a247-2d8d82951e63/LevelDevil_wasm.js:0
[   57275ms] [LOG] DOMToGLFWKeyCode keycode = 37 code = ArrowLeft @ https://13acae8c-ec6a-4823-b1a2-8ea20cea56e7.gdn.poki.com/9ef51f5e-921b-41a6-a247-2d8d82951e63/LevelDevil_wasm.js:0
[   57358ms] [LOG] DOMToGLFWKeyCode keycode = 37 code = ArrowLeft @ https://13acae8c-ec6a-4823-b1a2-8ea20cea56e7.gdn.poki.com/9ef51f5e-921b-41a6-a247-2d8d82951e63/LevelDevil_wasm.js:0
[   57442ms] [LOG] DOMToGLFWKeyCode keycode = 37 code = ArrowLeft @ https://13acae8c-ec6a-4823-b1a2-8ea20cea56e7.gdn.poki.com/9ef51f5e-921b-41a6-a247-2d8d82951e63/LevelDevil_wasm.js:0
[   57525ms] [LOG] DOMToGLFWKeyCode keycode = 37 code = ArrowLeft @ https://13acae8c-ec6a-4823-b1a2-8ea20cea56e7.gdn.poki.com/9ef51f5e-921b-41a6-a247-2d8d82951e63/LevelDevil_wasm.js:0
[   57608ms] [LOG] DOMToGLFWKeyCode keycode = 37 code = ArrowLeft @ https://13acae8c-ec6a-4823-b1a2-8ea20cea56e7.gdn.poki.com/9ef51f5e-921b-41a6-a247-2d8d82951e63/LevelDevil_wasm.js:0
[   57692ms] [LOG] DOMToGLFWKeyCode keycode = 37 code = ArrowLeft @ https://13acae8c-ec6a-4823-b1a2-8ea20cea56e7.gdn.poki.com/9ef51f5e-921b-41a6-a247-2d8d82951e63/LevelDevil_wasm.js:0
[   57775ms] [LOG] DOMToGLFWKeyCode keycode = 37 code = ArrowLeft @ https://13acae8c-ec6a-4823-b1a2-8ea20cea56e7.gdn.poki.com/9ef51f5e-921b-41a6-a247-2d8d82951e63/LevelDevil_wasm.js:0
[   57858ms] [LOG] DOMToGLFWKeyCode keycode = 37 code = ArrowLeft @ https://13acae8c-ec6a-4823-b1a2-8ea20cea56e7.gdn.poki.com/9ef51f5e-921b-41a6-a247-2d8d82951e63/LevelDevil_wasm.js:0
[   57942ms] [LOG] DOMToGLFWKeyCode keycode = 37 code = ArrowLeft @ https://13acae8c-ec6a-4823-b1a2-8ea20cea56e7.gdn.poki.com/9ef51f5e-921b-41a6-a247-2d8d82951e63/LevelDevil_wasm.js:0
[   58025ms] [LOG] DOMToGLFWKeyCode keycode = 37 code = ArrowLeft @ https://13acae8c-ec6a-4823-b1a2-8ea20cea56e7.gdn.poki.com/9ef51f5e-921b-41a6-a247-2d8d82951e63/LevelDevil_wasm.js:0
[   58108ms] [LOG] DOMToGLFWKeyCode keycode = 37 code = ArrowLeft @ https://13acae8c-ec6a-4823-b1a2-8ea20cea56e7.gdn.poki.com/9ef51f5e-921b-41a6-a247-2d8d82951e63/LevelDevil_wasm.js:0
[   58152ms] [LOG] DOMToGLFWKeyCode keycode = 37 code = ArrowLeft @ https://13acae8c-ec6a-4823-b1a2-8ea20cea56e7.gdn.poki.com/9ef51f5e-921b-41a6-a247-2d8d82951e63/LevelDevil_wasm.js:0
[   58643ms] [LOG] DOMToGLFWKeyCode keycode = 39 code = ArrowRight @ https://13acae8c-ec6a-4823-b1a2-8ea20cea56e7.gdn.poki.com/9ef51f5e-921b-41a6-a247-2d8d82951e63/LevelDevil_wasm.js:0
[   59143ms] [LOG] DOMToGLFWKeyCode keycode = 39 code = ArrowRight @ https://13acae8c-ec6a-4823-b1a2-8ea20cea56e7.gdn.poki.com/9ef51f5e-921b-41a6-a247-2d8d82951e63/LevelDevil_wasm.js:0
[   59227ms] [LOG] DOMToGLFWKeyCode keycode = 39 code = ArrowRight @ https://13acae8c-ec6a-4823-b1a2-8ea20cea56e7.gdn.poki.com/9ef51f5e-921b-41a6-a247-2d8d82951e63/LevelDevil_wasm.js:0
[   59271ms] [LOG] DOMToGLFWKeyCode keycode = 39 code = ArrowRight @ https://13acae8c-ec6a-4823-b1a2-8ea20cea56e7.gdn.poki.com/9ef51f5e-921b-41a6-a247-2d8d82951e63/LevelDevil_wasm.js:0
[   60094ms] [LOG] DOMToGLFWKeyCode keycode = 39 code = ArrowRight @ https://13acae8c-ec6a-4823-b1a2-8ea20cea56e7.gdn.poki.com/9ef51f5e-921b-41a6-a247-2d8d82951e63/LevelDevil_wasm.js:0
[   60596ms] [LOG] DOMToGLFWKeyCode keycode = 39 code = ArrowRight @ https://13acae8c-ec6a-4823-b1a2-8ea20cea56e7.gdn.poki.com/9ef51f5e-921b-41a6-a247-2d8d82951e63/LevelDevil_wasm.js:0
[   60679ms] [LOG] DOMToGLFWKeyCode keycode = 39 code = ArrowRight @ https://13acae8c-ec6a-4823-b1a2-8ea20cea56e7.gdn.poki.com/9ef51f5e-921b-41a6-a247-2d8d82951e63/LevelDevil_wasm.js:0
[   60763ms] [LOG] DOMToGLFWKeyCode keycode = 39 code = ArrowRight @ https://13acae8c-ec6a-4823-b1a2-8ea20cea56e7.gdn.poki.com/9ef51f5e-921b-41a6-a247-2d8d82951e63/LevelDevil_wasm.js:0
[   60846ms] [LOG] DOMToGLFWKeyCode keycode = 39 code = ArrowRight @ https://13acae8c-ec6a-4823-b1a2-8ea20cea56e7.gdn.poki.com/9ef51f5e-921b-41a6-a247-2d8d82951e63/LevelDevil_wasm.js:0
[   60929ms] [LOG] DOMToGLFWKeyCode keycode = 39 code = ArrowRight @ https://13acae8c-ec6a-4823-b1a2-8ea20cea56e7.gdn.poki.com/9ef51f5e-921b-41a6-a247-2d8d82951e63/LevelDevil_wasm.js:0
[   61013ms] [LOG] DOMToGLFWKeyCode keycode = 39 code = ArrowRight @ https://13acae8c-ec6a-4823-b1a2-8ea20cea56e7.gdn.poki.com/9ef51f5e-921b-41a6-a247-2d8d82951e63/LevelDevil_wasm.js:0
[   61096ms] [LOG] DOMToGLFWKeyCode keycode = 39 code = ArrowRight @ https://13acae8c-ec6a-4823-b1a2-8ea20cea56e7.gdn.poki.com/9ef51f5e-921b-41a6-a247-2d8d82951e63/LevelDevil_wasm.js:0
[   61130ms] [LOG] DOMToGLFWKeyCode keycode = 39 code = ArrowRight @ https://13acae8c-ec6a-4823-b1a2-8ea20cea56e7.gdn.poki.com/9ef51f5e-921b-41a6-a247-2d8d82951e63/LevelDevil_wasm.js:0
[   61975ms] [LOG] DOMToGLFWKeyCode keycode = 39 code = ArrowRight @ https://13acae8c-ec6a-4823-b1a2-8ea20cea56e7.gdn.poki.com/9ef51f5e-921b-41a6-a247-2d8d82951e63/LevelDevil_wasm.js:0
[   62475ms] [LOG] DOMToGLFWKeyCode keycode = 39 code = ArrowRight @ https://13acae8c-ec6a-4823-b1a2-8ea20cea56e7.gdn.poki.com/9ef51f5e-921b-41a6-a247-2d8d82951e63/LevelDevil_wasm.js:0
[   62558ms] [LOG] DOMToGLFWKeyCode keycode = 39 code = ArrowRight @ https://13acae8c-ec6a-4823-b1a2-8ea20cea56e7.gdn.poki.com/9ef51f5e-921b-41a6-a247-2d8d82951e63/LevelDevil_wasm.js:0
[   62642ms] [LOG] DOMToGLFWKeyCode keycode = 39 code = ArrowRight @ https://13acae8c-ec6a-4823-b1a2-8ea20cea56e7.gdn.poki.com/9ef51f5e-921b-41a6-a247-2d8d82951e63/LevelDevil_wasm.js:0
[   62725ms] [LOG] DOMToGLFWKeyCode keycode = 39 code = ArrowRight @ https://13acae8c-ec6a-4823-b1a2-8ea20cea56e7.gdn.poki.com/9ef51f5e-921b-41a6-a247-2d8d82951e63/LevelDevil_wasm.js:0
[   62808ms] [LOG] DOMToGLFWKeyCode keycode = 39 code = ArrowRight @ https://13acae8c-ec6a-4823-b1a2-8ea20cea56e7.gdn.poki.com/9ef51f5e-921b-41a6-a247-2d8d82951e63/LevelDevil_wasm.js:0
[   62892ms] [LOG] DOMToGLFWKeyCode keycode = 39 code = ArrowRight @ https://13acae8c-ec6a-4823-b1a2-8ea20cea56e7.gdn.poki.com/9ef51f5e-921b-41a6-a247-2d8d82951e63/LevelDevil_wasm.js:0
[   62975ms] [LOG] DOMToGLFWKeyCode keycode = 39 code = ArrowRight @ https://13acae8c-ec6a-4823-b1a2-8ea20cea56e7.gdn.poki.com/9ef51f5e-921b-41a6-a247-2d8d82951e63/LevelDevil_wasm.js:0
[   63058ms] [LOG] DOMToGLFWKeyCode keycode = 39 code = ArrowRight @ https://13acae8c-ec6a-4823-b1a2-8ea20cea56e7.gdn.poki.com/9ef51f5e-921b-41a6-a247-2d8d82951e63/LevelDevil_wasm.js:0
[   63142ms] [LOG] DOMToGLFWKeyCode keycode = 39 code = ArrowRight @ https://13acae8c-ec6a-4823-b1a2-8ea20cea56e7.gdn.poki.com/9ef51f5e-921b-41a6-a247-2d8d82951e63/LevelDevil_wasm.js:0
[   63225ms] [LOG] DOMToGLFWKeyCode keycode = 39 code = ArrowRight @ https://13acae8c-ec6a-4823-b1a2-8ea20cea56e7.gdn.poki.com/9ef51f5e-921b-41a6-a247-2d8d82951e63/LevelDevil_wasm.js:0
[   63309ms] [LOG] DOMToGLFWKeyCode keycode = 39 code = ArrowRight @ https://13acae8c-ec6a-4823-b1a2-8ea20cea56e7.gdn.poki.com/9ef51f5e-921b-41a6-a247-2d8d82951e63/LevelDevil_wasm.js:0
[   63392ms] [LOG] DOMToGLFWKeyCode keycode = 39 code = ArrowRight @ https://13acae8c-ec6a-4823-b1a2-8ea20cea56e7.gdn.poki.com/9ef51f5e-921b-41a6-a247-2d8d82951e63/LevelDevil_wasm.js:0
[   63475ms] [LOG] DOMToGLFWKeyCode keycode = 39 code = ArrowRight @ https://13acae8c-ec6a-4823-b1a2-8ea20cea56e7.gdn.poki.com/9ef51f5e-921b-41a6-a247-2d8d82951e63/LevelDevil_wasm.js:0
[   63558ms] [LOG] DOMToGLFWKeyCode keycode = 39 code = ArrowRight @ https://13acae8c-ec6a-4823-b1a2-8ea20cea56e7.gdn.poki.com/9ef51f5e-921b-41a6-a247-2d8d82951e63/LevelDevil_wasm.js:0
[   63642ms] [LOG] DOMToGLFWKeyCode keycode = 39 code = ArrowRight @ https://13acae8c-ec6a-4823-b1a2-8ea20cea56e7.gdn.poki.com/9ef51f5e-921b-41a6-a247-2d8d82951e63/LevelDevil_wasm.js:0
[   63725ms] [LOG] DOMToGLFWKeyCode keycode = 39 code = ArrowRight @ https://13acae8c-ec6a-4823-b1a2-8ea20cea56e7.gdn.poki.com/9ef51f5e-921b-41a6-a247-2d8d82951e63/LevelDevil_wasm.js:0
[   63808ms] [LOG] DOMToGLFWKeyCode keycode = 39 code = ArrowRight @ https://13acae8c-ec6a-4823-b1a2-8ea20cea56e7.gdn.poki.com/9ef51f5e-921b-41a6-a247-2d8d82951e63/LevelDevil_wasm.js:0
[   63892ms] [LOG] DOMToGLFWKeyCode keycode = 39 code = ArrowRight @ https://13acae8c-ec6a-4823-b1a2-8ea20cea56e7.gdn.poki.com/9ef51f5e-921b-41a6-a247-2d8d82951e63/LevelDevil_wasm.js:0
[   63975ms] [LOG] DOMToGLFWKeyCode keycode = 39 code = ArrowRight @ https://13acae8c-ec6a-4823-b1a2-8ea20cea56e7.gdn.poki.com/9ef51f5e-921b-41a6-a247-2d8d82951e63/LevelDevil_wasm.js:0
[   63991ms] [LOG] DOMToGLFWKeyCode keycode = 37 code = ArrowLeft @ https://13acae8c-ec6a-4823-b1a2-8ea20cea56e7.gdn.poki.com/9ef51f5e-921b-41a6-a247-2d8d82951e63/LevelDevil_wasm.js:0
[   64024ms] [LOG] DOMToGLFWKeyCode keycode = 39 code = ArrowRight @ https://13acae8c-ec6a-4823-b1a2-8ea20cea56e7.gdn.poki.com/9ef51f5e-921b-41a6-a247-2d8d82951e63/LevelDevil_wasm.js:0
[   64491ms] [LOG] DOMToGLFWKeyCode keycode = 37 code = ArrowLeft @ https://13acae8c-ec6a-4823-b1a2-8ea20cea56e7.gdn.poki.com/9ef51f5e-921b-41a6-a247-2d8d82951e63/LevelDevil_wasm.js:0
[   64575ms] [LOG] DOMToGLFWKeyCode keycode = 37 code = ArrowLeft @ https://13acae8c-ec6a-4823-b1a2-8ea20cea56e7.gdn.poki.com/9ef51f5e-921b-41a6-a247-2d8d82951e63/LevelDevil_wasm.js:0
[   64658ms] [LOG] DOMToGLFWKeyCode keycode = 37 code = ArrowLeft @ https://13acae8c-ec6a-4823-b1a2-8ea20cea56e7.gdn.poki.com/9ef51f5e-921b-41a6-a247-2d8d82951e63/LevelDevil_wasm.js:0
[   64742ms] [LOG] DOMToGLFWKeyCode keycode = 37 code = ArrowLeft @ https://13acae8c-ec6a-4823-b1a2-8ea20cea56e7.gdn.poki.com/9ef51f5e-921b-41a6-a247-2d8d82951e63/LevelDevil_wasm.js:0
[   64825ms] [LOG] DOMToGLFWKeyCode keycode = 37 code = ArrowLeft @ https://13acae8c-ec6a-4823-b1a2-8ea20cea56e7.gdn.poki.com/9ef51f5e-921b-41a6-a247-2d8d82951e63/LevelDevil_wasm.js:0
[   64908ms] [LOG] DOMToGLFWKeyCode keycode = 37 code = ArrowLeft @ https://13acae8c-ec6a-4823-b1a2-8ea20cea56e7.gdn.poki.com/9ef51f5e-921b-41a6-a247-2d8d82951e63/LevelDevil_wasm.js:0
[   64992ms] [LOG] DOMToGLFWKeyCode keycode = 37 code = ArrowLeft @ https://13acae8c-ec6a-4823-b1a2-8ea20cea56e7.gdn.poki.com/9ef51f5e-921b-41a6-a247-2d8d82951e63/LevelDevil_wasm.js:0
[   65075ms] [LOG] DOMToGLFWKeyCode keycode = 37 code = ArrowLeft @ https://13acae8c-ec6a-4823-b1a2-8ea20cea56e7.gdn.poki.com/9ef51f5e-921b-41a6-a247-2d8d82951e63/LevelDevil_wasm.js:0
[   65158ms] [LOG] DOMToGLFWKeyCode keycode = 37 code = ArrowLeft @ https://13acae8c-ec6a-4823-b1a2-8ea20cea56e7.gdn.poki.com/9ef51f5e-921b-41a6-a247-2d8d82951e63/LevelDevil_wasm.js:0
[   65169ms] [LOG] DOMToGLFWKeyCode keycode = 37 code = ArrowLeft @ https://13acae8c-ec6a-4823-b1a2-8ea20cea56e7.gdn.poki.com/9ef51f5e-921b-41a6-a247-2d8d82951e63/LevelDevil_wasm.js:0
[   65174ms] [LOG] DOMToGLFWKeyCode keycode = 39 code = ArrowRight @ https://13acae8c-ec6a-4823-b1a2-8ea20cea56e7.gdn.poki.com/9ef51f5e-921b-41a6-a247-2d8d82951e63/LevelDevil_wasm.js:0
[   65672ms] [LOG] DOMToGLFWKeyCode keycode = 39 code = ArrowRight @ https://13acae8c-ec6a-4823-b1a2-8ea20cea56e7.gdn.poki.com/9ef51f5e-921b-41a6-a247-2d8d82951e63/LevelDevil_wasm.js:0
[   65746ms] [INFO] %cPOKI:%c PokiSDK.gameplayStop( background-color: green; border-radius: 3px; color: white; padding: 1px 5px   ) @ https://game-cdn.poki.com/scripts/460329bfef41a6d4fb73f6638b23a446bee97c21/poki-sdk-hoist-460329bfef41a6d4fb73f6638b23a446bee97c21.js:0
[   65748ms] [INFO] %cPOKI:%c PokiSDK.measure(level, 2-1-1, fail, {"pos_xy":"636.99023262279_144.32382396941"}) background-color: green; border-radius: 3px; color: white; padding: 1px 5px  @ https://game-cdn.poki.com/scripts/v2/poki-sdk.js:0
[   65756ms] [LOG] DOMToGLFWKeyCode keycode = 39 code = ArrowRight @ https://13acae8c-ec6a-4823-b1a2-8ea20cea56e7.gdn.poki.com/9ef51f5e-921b-41a6-a247-2d8d82951e63/LevelDevil_wasm.js:0
[   65838ms] [LOG] DOMToGLFWKeyCode keycode = 39 code = ArrowRight @ https://13acae8c-ec6a-4823-b1a2-8ea20cea56e7.gdn.poki.com/9ef51f5e-921b-41a6-a247-2d8d82951e63/LevelDevil_wasm.js:0
[   65922ms] [LOG] DOMToGLFWKeyCode keycode = 39 code = ArrowRight @ https://13acae8c-ec6a-4823-b1a2-8ea20cea56e7.gdn.poki.com/9ef51f5e-921b-41a6-a247-2d8d82951e63/LevelDevil_wasm.js:0
[   66008ms] [LOG] DOMToGLFWKeyCode keycode = 39 code = ArrowRight @ https://13acae8c-ec6a-4823-b1a2-8ea20cea56e7.gdn.poki.com/9ef51f5e-921b-41a6-a247-2d8d82951e63/LevelDevil_wasm.js:0
[   66091ms] [LOG] DOMToGLFWKeyCode keycode = 39 code = ArrowRight @ https://13acae8c-ec6a-4823-b1a2-8ea20cea56e7.gdn.poki.com/9ef51f5e-921b-41a6-a247-2d8d82951e63/LevelDevil_wasm.js:0
[   66152ms] [LOG] DOMToGLFWKeyCode keycode = 39 code = ArrowRight @ https://13acae8c-ec6a-4823-b1a2-8ea20cea56e7.gdn.poki.com/9ef51f5e-921b-41a6-a247-2d8d82951e63/LevelDevil_wasm.js:0
[   66971ms] [LOG] DOMToGLFWKeyCode keycode = 37 code = ArrowLeft @ https://13acae8c-ec6a-4823-b1a2-8ea20cea56e7.gdn.poki.com/9ef51f5e-921b-41a6-a247-2d8d82951e63/LevelDevil_wasm.js:0
[   67141ms] [LOG] DOMToGLFWKeyCode keycode = 37 code = ArrowLeft @ https://13acae8c-ec6a-4823-b1a2-8ea20cea56e7.gdn.poki.com/9ef51f5e-921b-41a6-a247-2d8d82951e63/LevelDevil_wasm.js:0
[   67145ms] [INFO] %cPOKI:%c PokiSDK.commercialBreak( background-color: green; border-radius: 3px; color: white; padding: 1px 5px  function _commercialBreakStartedCallback(){var msg=PokiSdk.COMMERCIAL_BREAK_START;getWasmTableEntry(PokiSdk._callback)(msg)} ) @ https://game-cdn.poki.com/scripts/460329bfef41a6d4fb73f6638b23a446bee97c21/poki-sdk-hoist-460329bfef41a6d4fb73f6638b23a446bee97c21.js:0
[   67147ms] [INFO] %cPOKI:%c commercialBreak too soon after previous one background-color: green; border-radius: 3px; color: white; padding: 1px 5px  @ https://game-cdn.poki.com/scripts/460329bfef41a6d4fb73f6638b23a446bee97c21/poki-sdk-playground-460329bfef41a6d4fb73f6638b23a446bee97c21.js:0
[   67162ms] [INFO] %cPOKI:%c PokiSDK.measure(level, 2-1-1, start, null) background-color: green; border-radius: 3px; color: white; padding: 1px 5px  @ https://game-cdn.poki.com/scripts/v2/poki-sdk.js:0
[   67293ms] [LOG] DOMToGLFWKeyCode keycode = 37 code = ArrowLeft @ https://13acae8c-ec6a-4823-b1a2-8ea20cea56e7.gdn.poki.com/9ef51f5e-921b-41a6-a247-2d8d82951e63/LevelDevil_wasm.js:0
[   67295ms] [INFO] %cPOKI:%c PokiSDK.gameplayStart( background-color: green; border-radius: 3px; color: white; padding: 1px 5px   ) @ https://game-cdn.poki.com/scripts/460329bfef41a6d4fb73f6638b23a446bee97c21/poki-sdk-hoist-460329bfef41a6d4fb73f6638b23a446bee97c21.js:0
[   67419ms] [LOG] DOMToGLFWKeyCode keycode = 37 code = ArrowLeft @ https://13acae8c-ec6a-4823-b1a2-8ea20cea56e7.gdn.poki.com/9ef51f5e-921b-41a6-a247-2d8d82951e63/LevelDevil_wasm.js:0
[   67569ms] [LOG] DOMToGLFWKeyCode keycode = 37 code = ArrowLeft @ https://13acae8c-ec6a-4823-b1a2-8ea20cea56e7.gdn.poki.com/9ef51f5e-921b-41a6-a247-2d8d82951e63/LevelDevil_wasm.js:0
[   67836ms] [LOG] DOMToGLFWKeyCode keycode = 37 code = ArrowLeft @ https://13acae8c-ec6a-4823-b1a2-8ea20cea56e7.gdn.poki.com/9ef51f5e-921b-41a6-a247-2d8d82951e63/LevelDevil_wasm.js:0
[   67841ms] [LOG] DOMToGLFWKeyCode keycode = 39 code = ArrowRight @ https://13acae8c-ec6a-4823-b1a2-8ea20cea56e7.gdn.poki.com/9ef51f5e-921b-41a6-a247-2d8d82951e63/LevelDevil_wasm.js:0
[   68203ms] [LOG] DOMToGLFWKeyCode keycode = 37 code = ArrowLeft @ https://13acae8c-ec6a-4823-b1a2-8ea20cea56e7.gdn.poki.com/9ef51f5e-921b-41a6-a247-2d8d82951e63/LevelDevil_wasm.js:0
[   68243ms] [LOG] DOMToGLFWKeyCode keycode = 39 code = ArrowRight @ https://13acae8c-ec6a-4823-b1a2-8ea20cea56e7.gdn.poki.com/9ef51f5e-921b-41a6-a247-2d8d82951e63/LevelDevil_wasm.js:0
[   68687ms] [LOG] DOMToGLFWKeyCode keycode = 38 code = ArrowUp @ https://13acae8c-ec6a-4823-b1a2-8ea20cea56e7.gdn.poki.com/9ef51f5e-921b-41a6-a247-2d8d82951e63/LevelDevil_wasm.js:0
[   69188ms] [LOG] DOMToGLFWKeyCode keycode = 38 code = ArrowUp @ https://13acae8c-ec6a-4823-b1a2-8ea20cea56e7.gdn.poki.com/9ef51f5e-921b-41a6-a247-2d8d82951e63/LevelDevil_wasm.js:0
[   69271ms] [LOG] DOMToGLFWKeyCode keycode = 38 code = ArrowUp @ https://13acae8c-ec6a-4823-b1a2-8ea20cea56e7.gdn.poki.com/9ef51f5e-921b-41a6-a247-2d8d82951e63/LevelDevil_wasm.js:0
[   69354ms] [LOG] DOMToGLFWKeyCode keycode = 38 code = ArrowUp @ https://13acae8c-ec6a-4823-b1a2-8ea20cea56e7.gdn.poki.com/9ef51f5e-921b-41a6-a247-2d8d82951e63/LevelDevil_wasm.js:0
[   69439ms] [LOG] DOMToGLFWKeyCode keycode = 38 code = ArrowUp @ https://13acae8c-ec6a-4823-b1a2-8ea20cea56e7.gdn.poki.com/9ef51f5e-921b-41a6-a247-2d8d82951e63/LevelDevil_wasm.js:0
[   69507ms] [LOG] DOMToGLFWKeyCode keycode = 38 code = ArrowUp @ https://13acae8c-ec6a-4823-b1a2-8ea20cea56e7.gdn.poki.com/9ef51f5e-921b-41a6-a247-2d8d82951e63/LevelDevil_wasm.js:0
[   69699ms] [LOG] DOMToGLFWKeyCode keycode = 38 code = ArrowUp @ https://13acae8c-ec6a-4823-b1a2-8ea20cea56e7.gdn.poki.com/9ef51f5e-921b-41a6-a247-2d8d82951e63/LevelDevil_wasm.js:0
[   69879ms] [LOG] DOMToGLFWKeyCode keycode = 38 code = ArrowUp @ https://13acae8c-ec6a-4823-b1a2-8ea20cea56e7.gdn.poki.com/9ef51f5e-921b-41a6-a247-2d8d82951e63/LevelDevil_wasm.js:0
[   70033ms] [LOG] DOMToGLFWKeyCode keycode = 38 code = ArrowUp @ https://13acae8c-ec6a-4823-b1a2-8ea20cea56e7.gdn.poki.com/9ef51f5e-921b-41a6-a247-2d8d82951e63/LevelDevil_wasm.js:0
[   70533ms] [LOG] DOMToGLFWKeyCode keycode = 38 code = ArrowUp @ https://13acae8c-ec6a-4823-b1a2-8ea20cea56e7.gdn.poki.com/9ef51f5e-921b-41a6-a247-2d8d82951e63/LevelDevil_wasm.js:0
[   70570ms] [LOG] DOMToGLFWKeyCode keycode = 38 code = ArrowUp @ https://13acae8c-ec6a-4823-b1a2-8ea20cea56e7.gdn.poki.com/9ef51f5e-921b-41a6-a247-2d8d82951e63/LevelDevil_wasm.js:0
[   70755ms] [LOG] DOMToGLFWKeyCode keycode = 38 code = ArrowUp @ https://13acae8c-ec6a-4823-b1a2-8ea20cea56e7.gdn.poki.com/9ef51f5e-921b-41a6-a247-2d8d82951e63/LevelDevil_wasm.js:0
[   70802ms] [LOG] DOMToGLFWKeyCode keycode = 38 code = ArrowUp @ https://13acae8c-ec6a-4823-b1a2-8ea20cea56e7.gdn.poki.com/9ef51f5e-921b-41a6-a247-2d8d82951e63/LevelDevil_wasm.js:0
[   70953ms] [LOG] DOMToGLFWKeyCode keycode = 38 code = ArrowUp @ https://13acae8c-ec6a-4823-b1a2-8ea20cea56e7.gdn.poki.com/9ef51f5e-921b-41a6-a247-2d8d82951e63/LevelDevil_wasm.js:0
[   71010ms] [LOG] DOMToGLFWKeyCode keycode = 38 code = ArrowUp @ https://13acae8c-ec6a-4823-b1a2-8ea20cea56e7.gdn.poki.com/9ef51f5e-921b-41a6-a247-2d8d82951e63/LevelDevil_wasm.js:0
[   71032ms] [LOG] DOMToGLFWKeyCode keycode = 37 code = ArrowLeft @ https://13acae8c-ec6a-4823-b1a2-8ea20cea56e7.gdn.poki.com/9ef51f5e-921b-41a6-a247-2d8d82951e63/LevelDevil_wasm.js:0
[   71092ms] [LOG] DOMToGLFWKeyCode keycode = 37 code = ArrowLeft @ https://13acae8c-ec6a-4823-b1a2-8ea20cea56e7.gdn.poki.com/9ef51f5e-921b-41a6-a247-2d8d82951e63/LevelDevil_wasm.js:0
[   71128ms] [LOG] DOMToGLFWKeyCode keycode = 38 code = ArrowUp @ https://13acae8c-ec6a-4823-b1a2-8ea20cea56e7.gdn.poki.com/9ef51f5e-921b-41a6-a247-2d8d82951e63/LevelDevil_wasm.js:0
[   71203ms] [LOG] DOMToGLFWKeyCode keycode = 37 code = ArrowLeft @ https://13acae8c-ec6a-4823-b1a2-8ea20cea56e7.gdn.poki.com/9ef51f5e-921b-41a6-a247-2d8d82951e63/LevelDevil_wasm.js:0
[   71224ms] [LOG] DOMToGLFWKeyCode keycode = 38 code = ArrowUp @ https://13acae8c-ec6a-4823-b1a2-8ea20cea56e7.gdn.poki.com/9ef51f5e-921b-41a6-a247-2d8d82951e63/LevelDevil_wasm.js:0
[   71330ms] [LOG] DOMToGLFWKeyCode keycode = 38 code = ArrowUp @ https://13acae8c-ec6a-4823-b1a2-8ea20cea56e7.gdn.poki.com/9ef51f5e-921b-41a6-a247-2d8d82951e63/LevelDevil_wasm.js:0
[   71347ms] [LOG] DOMToGLFWKeyCode keycode = 37 code = ArrowLeft @ https://13acae8c-ec6a-4823-b1a2-8ea20cea56e7.gdn.poki.com/9ef51f5e-921b-41a6-a247-2d8d82951e63/LevelDevil_wasm.js:0
[   71410ms] [LOG] DOMToGLFWKeyCode keycode = 37 code = ArrowLeft @ https://13acae8c-ec6a-4823-b1a2-8ea20cea56e7.gdn.poki.com/9ef51f5e-921b-41a6-a247-2d8d82951e63/LevelDevil_wasm.js:0
[   71494ms] [LOG] DOMToGLFWKeyCode keycode = 37 code = ArrowLeft @ https://13acae8c-ec6a-4823-b1a2-8ea20cea56e7.gdn.poki.com/9ef51f5e-921b-41a6-a247-2d8d82951e63/LevelDevil_wasm.js:0
[   71994ms] [LOG] DOMToGLFWKeyCode keycode = 37 code = ArrowLeft @ https://13acae8c-ec6a-4823-b1a2-8ea20cea56e7.gdn.poki.com/9ef51f5e-921b-41a6-a247-2d8d82951e63/LevelDevil_wasm.js:0
[   72066ms] [LOG] DOMToGLFWKeyCode keycode = 37 code = ArrowLeft @ https://13acae8c-ec6a-4823-b1a2-8ea20cea56e7.gdn.poki.com/9ef51f5e-921b-41a6-a247-2d8d82951e63/LevelDevil_wasm.js:0
[   72138ms] [LOG] DOMToGLFWKeyCode keycode = 38 code = ArrowUp @ https://13acae8c-ec6a-4823-b1a2-8ea20cea56e7.gdn.poki.com/9ef51f5e-921b-41a6-a247-2d8d82951e63/LevelDevil_wasm.js:0
[   72359ms] [LOG] DOMToGLFWKeyCode keycode = 39 code = ArrowRight @ https://13acae8c-ec6a-4823-b1a2-8ea20cea56e7.gdn.poki.com/9ef51f5e-921b-41a6-a247-2d8d82951e63/LevelDevil_wasm.js:0
[   72860ms] [LOG] DOMToGLFWKeyCode keycode = 39 code = ArrowRight @ https://13acae8c-ec6a-4823-b1a2-8ea20cea56e7.gdn.poki.com/9ef51f5e-921b-41a6-a247-2d8d82951e63/LevelDevil_wasm.js:0
[   72927ms] [LOG] DOMToGLFWKeyCode keycode = 38 code = ArrowUp @ https://13acae8c-ec6a-4823-b1a2-8ea20cea56e7.gdn.poki.com/9ef51f5e-921b-41a6-a247-2d8d82951e63/LevelDevil_wasm.js:0
[   73427ms] [LOG] DOMToGLFWKeyCode keycode = 38 code = ArrowUp @ https://13acae8c-ec6a-4823-b1a2-8ea20cea56e7.gdn.poki.com/9ef51f5e-921b-41a6-a247-2d8d82951e63/LevelDevil_wasm.js:0
[   73510ms] [LOG] DOMToGLFWKeyCode keycode = 38 code = ArrowUp @ https://13acae8c-ec6a-4823-b1a2-8ea20cea56e7.gdn.poki.com/9ef51f5e-921b-41a6-a247-2d8d82951e63/LevelDevil_wasm.js:0
[   73594ms] [LOG] DOMToGLFWKeyCode keycode = 38 code = ArrowUp @ https://13acae8c-ec6a-4823-b1a2-8ea20cea56e7.gdn.poki.com/9ef51f5e-921b-41a6-a247-2d8d82951e63/LevelDevil_wasm.js:0
[   73678ms] [LOG] DOMToGLFWKeyCode keycode = 38 code = ArrowUp @ https://13acae8c-ec6a-4823-b1a2-8ea20cea56e7.gdn.poki.com/9ef51f5e-921b-41a6-a247-2d8d82951e63/LevelDevil_wasm.js:0
[   73761ms] [LOG] DOMToGLFWKeyCode keycode = 38 code = ArrowUp @ https://13acae8c-ec6a-4823-b1a2-8ea20cea56e7.gdn.poki.com/9ef51f5e-921b-41a6-a247-2d8d82951e63/LevelDevil_wasm.js:0
[   73846ms] [LOG] DOMToGLFWKeyCode keycode = 38 code = ArrowUp @ https://13acae8c-ec6a-4823-b1a2-8ea20cea56e7.gdn.poki.com/9ef51f5e-921b-41a6-a247-2d8d82951e63/LevelDevil_wasm.js:0
[   73930ms] [LOG] DOMToGLFWKeyCode keycode = 38 code = ArrowUp @ https://13acae8c-ec6a-4823-b1a2-8ea20cea56e7.gdn.poki.com/9ef51f5e-921b-41a6-a247-2d8d82951e63/LevelDevil_wasm.js:0
[   74013ms] [LOG] DOMToGLFWKeyCode keycode = 38 code = ArrowUp @ https://13acae8c-ec6a-4823-b1a2-8ea20cea56e7.gdn.poki.com/9ef51f5e-921b-41a6-a247-2d8d82951e63/LevelDevil_wasm.js:0
[   74096ms] [LOG] DOMToGLFWKeyCode keycode = 38 code = ArrowUp @ https://13acae8c-ec6a-4823-b1a2-8ea20cea56e7.gdn.poki.com/9ef51f5e-921b-41a6-a247-2d8d82951e63/LevelDevil_wasm.js:0
[   74158ms] [LOG] DOMToGLFWKeyCode keycode = 38 code = ArrowUp @ https://13acae8c-ec6a-4823-b1a2-8ea20cea56e7.gdn.poki.com/9ef51f5e-921b-41a6-a247-2d8d82951e63/LevelDevil_wasm.js:0
[   74316ms] [LOG] DOMToGLFWKeyCode keycode = 38 code = ArrowUp @ https://13acae8c-ec6a-4823-b1a2-8ea20cea56e7.gdn.poki.com/9ef51f5e-921b-41a6-a247-2d8d82951e63/LevelDevil_wasm.js:0
[   74516ms] [LOG] DOMToGLFWKeyCode keycode = 38 code = ArrowUp @ https://13acae8c-ec6a-4823-b1a2-8ea20cea56e7.gdn.poki.com/9ef51f5e-921b-41a6-a247-2d8d82951e63/LevelDevil_wasm.js:0
[   74627ms] [LOG] DOMToGLFWKeyCode keycode = 39 code = ArrowRight @ https://13acae8c-ec6a-4823-b1a2-8ea20cea56e7.gdn.poki.com/9ef51f5e-921b-41a6-a247-2d8d82951e63/LevelDevil_wasm.js:0
[   74887ms] [LOG] DOMToGLFWKeyCode keycode = 39 code = ArrowRight @ https://13acae8c-ec6a-4823-b1a2-8ea20cea56e7.gdn.poki.com/9ef51f5e-921b-41a6-a247-2d8d82951e63/LevelDevil_wasm.js:0
[   74904ms] [LOG] DOMToGLFWKeyCode keycode = 38 code = ArrowUp @ https://13acae8c-ec6a-4823-b1a2-8ea20cea56e7.gdn.poki.com/9ef51f5e-921b-41a6-a247-2d8d82951e63/LevelDevil_wasm.js:0
[   75120ms] [LOG] DOMToGLFWKeyCode keycode = 38 code = ArrowUp @ https://13acae8c-ec6a-4823-b1a2-8ea20cea56e7.gdn.poki.com/9ef51f5e-921b-41a6-a247-2d8d82951e63/LevelDevil_wasm.js:0
[   76164ms] [LOG] DOMToGLFWKeyCode keycode = 37 code = ArrowLeft @ https://13acae8c-ec6a-4823-b1a2-8ea20cea56e7.gdn.poki.com/9ef51f5e-921b-41a6-a247-2d8d82951e63/LevelDevil_wasm.js:0
[   76203ms] [LOG] DOMToGLFWKeyCode keycode = 39 code = ArrowRight @ https://13acae8c-ec6a-4823-b1a2-8ea20cea56e7.gdn.poki.com/9ef51f5e-921b-41a6-a247-2d8d82951e63/LevelDevil_wasm.js:0
[   76664ms] [LOG] DOMToGLFWKeyCode keycode = 37 code = ArrowLeft @ https://13acae8c-ec6a-4823-b1a2-8ea20cea56e7.gdn.poki.com/9ef51f5e-921b-41a6-a247-2d8d82951e63/LevelDevil_wasm.js:0
[   76749ms] [LOG] DOMToGLFWKeyCode keycode = 37 code = ArrowLeft @ https://13acae8c-ec6a-4823-b1a2-8ea20cea56e7.gdn.poki.com/9ef51f5e-921b-41a6-a247-2d8d82951e63/LevelDevil_wasm.js:0
[   76833ms] [LOG] DOMToGLFWKeyCode keycode = 37 code = ArrowLeft @ https://13acae8c-ec6a-4823-b1a2-8ea20cea56e7.gdn.poki.com/9ef51f5e-921b-41a6-a247-2d8d82951e63/LevelDevil_wasm.js:0
[   76916ms] [LOG] DOMToGLFWKeyCode keycode = 37 code = ArrowLeft @ https://13acae8c-ec6a-4823-b1a2-8ea20cea56e7.gdn.poki.com/9ef51f5e-921b-41a6-a247-2d8d82951e63/LevelDevil_wasm.js:0
[   76999ms] [LOG] DOMToGLFWKeyCode keycode = 37 code = ArrowLeft @ https://13acae8c-ec6a-4823-b1a2-8ea20cea56e7.gdn.poki.com/9ef51f5e-921b-41a6-a247-2d8d82951e63/LevelDevil_wasm.js:0
[   77083ms] [LOG] DOMToGLFWKeyCode keycode = 37 code = ArrowLeft @ https://13acae8c-ec6a-4823-b1a2-8ea20cea56e7.gdn.poki.com/9ef51f5e-921b-41a6-a247-2d8d82951e63/LevelDevil_wasm.js:0
[   77166ms] [LOG] DOMToGLFWKeyCode keycode = 37 code = ArrowLeft @ https://13acae8c-ec6a-4823-b1a2-8ea20cea56e7.gdn.poki.com/9ef51f5e-921b-41a6-a247-2d8d82951e63/LevelDevil_wasm.js:0
[   77249ms] [LOG] DOMToGLFWKeyCode keycode = 37 code = ArrowLeft @ https://13acae8c-ec6a-4823-b1a2-8ea20cea56e7.gdn.poki.com/9ef51f5e-921b-41a6-a247-2d8d82951e63/LevelDevil_wasm.js:0
[   77333ms] [LOG] DOMToGLFWKeyCode keycode = 37 code = ArrowLeft @ https://13acae8c-ec6a-4823-b1a2-8ea20cea56e7.gdn.poki.com/9ef51f5e-921b-41a6-a247-2d8d82951e63/LevelDevil_wasm.js:0
[   77416ms] [LOG] DOMToGLFWKeyCode keycode = 37 code = ArrowLeft @ https://13acae8c-ec6a-4823-b1a2-8ea20cea56e7.gdn.poki.com/9ef51f5e-921b-41a6-a247-2d8d82951e63/LevelDevil_wasm.js:0
[   77499ms] [LOG] DOMToGLFWKeyCode keycode = 37 code = ArrowLeft @ https://13acae8c-ec6a-4823-b1a2-8ea20cea56e7.gdn.poki.com/9ef51f5e-921b-41a6-a247-2d8d82951e63/LevelDevil_wasm.js:0
[   77583ms] [LOG] DOMToGLFWKeyCode keycode = 37 code = ArrowLeft @ https://13acae8c-ec6a-4823-b1a2-8ea20cea56e7.gdn.poki.com/9ef51f5e-921b-41a6-a247-2d8d82951e63/LevelDevil_wasm.js:0
[   77666ms] [LOG] DOMToGLFWKeyCode keycode = 37 code = ArrowLeft @ https://13acae8c-ec6a-4823-b1a2-8ea20cea56e7.gdn.poki.com/9ef51f5e-921b-41a6-a247-2d8d82951e63/LevelDevil_wasm.js:0
[   77749ms] [LOG] DOMToGLFWKeyCode keycode = 37 code = ArrowLeft @ https://13acae8c-ec6a-4823-b1a2-8ea20cea56e7.gdn.poki.com/9ef51f5e-921b-41a6-a247-2d8d82951e63/LevelDevil_wasm.js:0
[   77833ms] [LOG] DOMToGLFWKeyCode keycode = 37 code = ArrowLeft @ https://13acae8c-ec6a-4823-b1a2-8ea20cea56e7.gdn.poki.com/9ef51f5e-921b-41a6-a247-2d8d82951e63/LevelDevil_wasm.js:0
[   77916ms] [LOG] DOMToGLFWKeyCode keycode = 37 code = ArrowLeft @ https://13acae8c-ec6a-4823-b1a2-8ea20cea56e7.gdn.poki.com/9ef51f5e-921b-41a6-a247-2d8d82951e63/LevelDevil_wasm.js:0
[   78004ms] [LOG] DOMToGLFWKeyCode keycode = 37 code = ArrowLeft @ https://13acae8c-ec6a-4823-b1a2-8ea20cea56e7.gdn.poki.com/9ef51f5e-921b-41a6-a247-2d8d82951e63/LevelDevil_wasm.js:0
[   78086ms] [LOG] DOMToGLFWKeyCode keycode = 37 code = ArrowLeft @ https://13acae8c-ec6a-4823-b1a2-8ea20cea56e7.gdn.poki.com/9ef51f5e-921b-41a6-a247-2d8d82951e63/LevelDevil_wasm.js:0
[   78172ms] [LOG] DOMToGLFWKeyCode keycode = 37 code = ArrowLeft @ https://13acae8c-ec6a-4823-b1a2-8ea20cea56e7.gdn.poki.com/9ef51f5e-921b-41a6-a247-2d8d82951e63/LevelDevil_wasm.js:0
[   78253ms] [LOG] DOMToGLFWKeyCode keycode = 37 code = ArrowLeft @ https://13acae8c-ec6a-4823-b1a2-8ea20cea56e7.gdn.poki.com/9ef51f5e-921b-41a6-a247-2d8d82951e63/LevelDevil_wasm.js:0
[   78336ms] [LOG] DOMToGLFWKeyCode keycode = 37 code = ArrowLeft @ https://13acae8c-ec6a-4823-b1a2-8ea20cea56e7.gdn.poki.com/9ef51f5e-921b-41a6-a247-2d8d82951e63/LevelDevil_wasm.js:0
[   78420ms] [LOG] DOMToGLFWKeyCode keycode = 37 code = ArrowLeft @ https://13acae8c-ec6a-4823-b1a2-8ea20cea56e7.gdn.poki.com/9ef51f5e-921b-41a6-a247-2d8d82951e63/LevelDevil_wasm.js:0
[   78503ms] [LOG] DOMToGLFWKeyCode keycode = 37 code = ArrowLeft @ https://13acae8c-ec6a-4823-b1a2-8ea20cea56e7.gdn.poki.com/9ef51f5e-921b-41a6-a247-2d8d82951e63/LevelDevil_wasm.js:0
[   78586ms] [LOG] DOMToGLFWKeyCode keycode = 37 code = ArrowLeft @ https://13acae8c-ec6a-4823-b1a2-8ea20cea56e7.gdn.poki.com/9ef51f5e-921b-41a6-a247-2d8d82951e63/LevelDevil_wasm.js:0
[   78670ms] [LOG] DOMToGLFWKeyCode keycode = 37 code = ArrowLeft @ https://13acae8c-ec6a-4823-b1a2-8ea20cea56e7.gdn.poki.com/9ef51f5e-921b-41a6-a247-2d8d82951e63/LevelDevil_wasm.js:0
[   78753ms] [LOG] DOMToGLFWKeyCode keycode = 37 code = ArrowLeft @ https://13acae8c-ec6a-4823-b1a2-8ea20cea56e7.gdn.poki.com/9ef51f5e-921b-41a6-a247-2d8d82951e63/LevelDevil_wasm.js:0
[   78836ms] [LOG] DOMToGLFWKeyCode keycode = 37 code = ArrowLeft @ https://13acae8c-ec6a-4823-b1a2-8ea20cea56e7.gdn.poki.com/9ef51f5e-921b-41a6-a247-2d8d82951e63/LevelDevil_wasm.js:0
[   78878ms] [INFO] %cPOKI:%c PokiSDK.gameplayStop( background-color: green; border-radius: 3px; color: white; padding: 1px 5px   ) @ https://game-cdn.poki.com/scripts/460329bfef41a6d4fb73f6638b23a446bee97c21/poki-sdk-hoist-460329bfef41a6d4fb73f6638b23a446bee97c21.js:0
[   78883ms] [ERROR] %cPOKI:%c Bot, IMA or Adblocker error background-color: red; border-radius: 3px; color: white; padding: 1px 5px  @ https://a.poki-cdn.com/ay/client-v2_fd398e0df0a7a854269de40c2618f8c80812d2d1.js:16
[   78884ms] [ERROR] %cPOKI:%c Bot, IMA or Adblocker error background-color: red; border-radius: 3px; color: white; padding: 1px 5px  @ https://a.poki-cdn.com/ay/client-v2_fd398e0df0a7a854269de40c2618f8c80812d2d1.js:16
[   78884ms] [ERROR] %cPOKI:%c Bot, IMA or Adblocker error background-color: red; border-radius: 3px; color: white; padding: 1px 5px  @ https://a.poki-cdn.com/ay/client-v2_fd398e0df0a7a854269de40c2618f8c80812d2d1.js:16
[   78919ms] [LOG] DOMToGLFWKeyCode keycode = 37 code = ArrowLeft @ https://13acae8c-ec6a-4823-b1a2-8ea20cea56e7.gdn.poki.com/9ef51f5e-921b-41a6-a247-2d8d82951e63/LevelDevil_wasm.js:0
[   79003ms] [LOG] DOMToGLFWKeyCode keycode = 37 code = ArrowLeft @ https://13acae8c-ec6a-4823-b1a2-8ea20cea56e7.gdn.poki.com/9ef51f5e-921b-41a6-a247-2d8d82951e63/LevelDevil_wasm.js:0
[   79057ms] [LOG] DOMToGLFWKeyCode keycode = 37 code = ArrowLeft @ https://13acae8c-ec6a-4823-b1a2-8ea20cea56e7.gdn.poki.com/9ef51f5e-921b-41a6-a247-2d8d82951e63/LevelDevil_wasm.js:0
[   79995ms] [INFO] %cPOKI:%c PokiSDK.measure(level, 2-1-1, complete, {"pos_xy":"267.00001036722_144.02388941988"}) background-color: green; border-radius: 3px; color: white; padding: 1px 5px  @ https://game-cdn.poki.com/scripts/v2/poki-sdk.js:0
[   81161ms] [LOG] DOMToGLFWKeyCode keycode = 87 code = KeyW @ https://13acae8c-ec6a-4823-b1a2-8ea20cea56e7.gdn.poki.com/9ef51f5e-921b-41a6-a247-2d8d82951e63/LevelDevil_wasm.js:0
[   81370ms] [LOG] DOMToGLFWKeyCode keycode = 68 code = KeyD @ https://13acae8c-ec6a-4823-b1a2-8ea20cea56e7.gdn.poki.com/9ef51f5e-921b-41a6-a247-2d8d82951e63/LevelDevil_wasm.js:0
[   81499ms] [LOG] DOMToGLFWKeyCode keycode = 68 code = KeyD @ https://13acae8c-ec6a-4823-b1a2-8ea20cea56e7.gdn.poki.com/9ef51f5e-921b-41a6-a247-2d8d82951e63/LevelDevil_wasm.js:0
[   81507ms] [LOG] DOMToGLFWKeyCode keycode = 87 code = KeyW @ https://13acae8c-ec6a-4823-b1a2-8ea20cea56e7.gdn.poki.com/9ef51f5e-921b-41a6-a247-2d8d82951e63/LevelDevil_wasm.js:0
[   81619ms] [INFO] %cPOKI:%c PokiSDK.commercialBreak( background-color: green; border-radius: 3px; color: white; padding: 1px 5px  function _commercialBreakStartedCallback(){var msg=PokiSdk.COMMERCIAL_BREAK_START;getWasmTableEntry(PokiSdk._callback)(msg)} ) @ https://game-cdn.poki.com/scripts/460329bfef41a6d4fb73f6638b23a446bee97c21/poki-sdk-hoist-460329bfef41a6d4fb73f6638b23a446bee97c21.js:0
[   81622ms] [INFO] %cPOKI:%c commercialBreak too soon after previous one background-color: green; border-radius: 3px; color: white; padding: 1px 5px  @ https://game-cdn.poki.com/scripts/460329bfef41a6d4fb73f6638b23a446bee97c21/poki-sdk-playground-460329bfef41a6d4fb73f6638b23a446bee97c21.js:0
[   81648ms] [INFO] %cPOKI:%c PokiSDK.measure(level, 2-1-2, start, null) background-color: green; border-radius: 3px; color: white; padding: 1px 5px  @ https://game-cdn.poki.com/scripts/v2/poki-sdk.js:0
[   84629ms] [WARNING] No output language was specified in a LanguageModel API request. An output language should be specified to ensure optimal output quality and properly attest to output safety. Please specify a supported output language code: [de, en, es, fr, ja] @ https://poki.com/en/g/level-devil:0
[   84629ms] [WARNING] Unable to create a text session because the service is not running. @ https://poki.com/en/g/level-devil:0
[   84629ms] [WARNING] The language detection model was required but not available. @ https://poki.com/en/g/level-devil:0
[   84630ms] [WARNING] Unable to create a text session because the service is not running. @ https://poki.com/en/g/level-devil:0
[   84630ms] [WARNING] Unable to create a text session because the service is not running. @ https://poki.com/en/g/level-devil:0
[   84679ms] [LOG] DOMToGLFWKeyCode keycode = 39 code = ArrowRight @ https://13acae8c-ec6a-4823-b1a2-8ea20cea56e7.gdn.poki.com/9ef51f5e-921b-41a6-a247-2d8d82951e63/LevelDevil_wasm.js:0
[   84687ms] [INFO] %cPOKI:%c PokiSDK.gameplayStart( background-color: green; border-radius: 3px; color: white; padding: 1px 5px   ) @ https://game-cdn.poki.com/scripts/460329bfef41a6d4fb73f6638b23a446bee97c21/poki-sdk-hoist-460329bfef41a6d4fb73f6638b23a446bee97c21.js:0
[   85183ms] [LOG] DOMToGLFWKeyCode keycode = 39 code = ArrowRight @ https://13acae8c-ec6a-4823-b1a2-8ea20cea56e7.gdn.poki.com/9ef51f5e-921b-41a6-a247-2d8d82951e63/LevelDevil_wasm.js:0
[   85262ms] [LOG] DOMToGLFWKeyCode keycode = 39 code = ArrowRight @ https://13acae8c-ec6a-4823-b1a2-8ea20cea56e7.gdn.poki.com/9ef51f5e-921b-41a6-a247-2d8d82951e63/LevelDevil_wasm.js:0
[   85346ms] [LOG] DOMToGLFWKeyCode keycode = 39 code = ArrowRight @ https://13acae8c-ec6a-4823-b1a2-8ea20cea56e7.gdn.poki.com/9ef51f5e-921b-41a6-a247-2d8d82951e63/LevelDevil_wasm.js:0
[   85429ms] [LOG] DOMToGLFWKeyCode keycode = 39 code = ArrowRight @ https://13acae8c-ec6a-4823-b1a2-8ea20cea56e7.gdn.poki.com/9ef51f5e-921b-41a6-a247-2d8d82951e63/LevelDevil_wasm.js:0
[   85513ms] [LOG] DOMToGLFWKeyCode keycode = 39 code = ArrowRight @ https://13acae8c-ec6a-4823-b1a2-8ea20cea56e7.gdn.poki.com/9ef51f5e-921b-41a6-a247-2d8d82951e63/LevelDevil_wasm.js:0
[   85596ms] [LOG] DOMToGLFWKeyCode keycode = 39 code = ArrowRight @ https://13acae8c-ec6a-4823-b1a2-8ea20cea56e7.gdn.poki.com/9ef51f5e-921b-41a6-a247-2d8d82951e63/LevelDevil_wasm.js:0
[   85679ms] [LOG] DOMToGLFWKeyCode keycode = 39 code = ArrowRight @ https://13acae8c-ec6a-4823-b1a2-8ea20cea56e7.gdn.poki.com/9ef51f5e-921b-41a6-a247-2d8d82951e63/LevelDevil_wasm.js:0
[   85763ms] [LOG] DOMToGLFWKeyCode keycode = 39 code = ArrowRight @ https://13acae8c-ec6a-4823-b1a2-8ea20cea56e7.gdn.poki.com/9ef51f5e-921b-41a6-a247-2d8d82951e63/LevelDevil_wasm.js:0
[   85846ms] [LOG] DOMToGLFWKeyCode keycode = 39 code = ArrowRight @ https://13acae8c-ec6a-4823-b1a2-8ea20cea56e7.gdn.poki.com/9ef51f5e-921b-41a6-a247-2d8d82951e63/LevelDevil_wasm.js:0
[   85929ms] [LOG] DOMToGLFWKeyCode keycode = 39 code = ArrowRight @ https://13acae8c-ec6a-4823-b1a2-8ea20cea56e7.gdn.poki.com/9ef51f5e-921b-41a6-a247-2d8d82951e63/LevelDevil_wasm.js:0
[   86012ms] [LOG] DOMToGLFWKeyCode keycode = 39 code = ArrowRight @ https://13acae8c-ec6a-4823-b1a2-8ea20cea56e7.gdn.poki.com/9ef51f5e-921b-41a6-a247-2d8d82951e63/LevelDevil_wasm.js:0
[   86096ms] [LOG] DOMToGLFWKeyCode keycode = 39 code = ArrowRight @ https://13acae8c-ec6a-4823-b1a2-8ea20cea56e7.gdn.poki.com/9ef51f5e-921b-41a6-a247-2d8d82951e63/LevelDevil_wasm.js:0
[   86179ms] [LOG] DOMToGLFWKeyCode keycode = 39 code = ArrowRight @ https://13acae8c-ec6a-4823-b1a2-8ea20cea56e7.gdn.poki.com/9ef51f5e-921b-41a6-a247-2d8d82951e63/LevelDevil_wasm.js:0
[   86262ms] [LOG] DOMToGLFWKeyCode keycode = 39 code = ArrowRight @ https://13acae8c-ec6a-4823-b1a2-8ea20cea56e7.gdn.poki.com/9ef51f5e-921b-41a6-a247-2d8d82951e63/LevelDevil_wasm.js:0
[   86346ms] [LOG] DOMToGLFWKeyCode keycode = 39 code = ArrowRight @ https://13acae8c-ec6a-4823-b1a2-8ea20cea56e7.gdn.poki.com/9ef51f5e-921b-41a6-a247-2d8d82951e63/LevelDevil_wasm.js:0
[   86429ms] [LOG] DOMToGLFWKeyCode keycode = 39 code = ArrowRight @ https://13acae8c-ec6a-4823-b1a2-8ea20cea56e7.gdn.poki.com/9ef51f5e-921b-41a6-a247-2d8d82951e63/LevelDevil_wasm.js:0
[   86512ms] [LOG] DOMToGLFWKeyCode keycode = 39 code = ArrowRight @ https://13acae8c-ec6a-4823-b1a2-8ea20cea56e7.gdn.poki.com/9ef51f5e-921b-41a6-a247-2d8d82951e63/LevelDevil_wasm.js:0
[   86596ms] [LOG] DOMToGLFWKeyCode keycode = 39 code = ArrowRight @ https://13acae8c-ec6a-4823-b1a2-8ea20cea56e7.gdn.poki.com/9ef51f5e-921b-41a6-a247-2d8d82951e63/LevelDevil_wasm.js:0
[   86679ms] [LOG] DOMToGLFWKeyCode keycode = 39 code = ArrowRight @ https://13acae8c-ec6a-4823-b1a2-8ea20cea56e7.gdn.poki.com/9ef51f5e-921b-41a6-a247-2d8d82951e63/LevelDevil_wasm.js:0
[   86762ms] [LOG] DOMToGLFWKeyCode keycode = 39 code = ArrowRight @ https://13acae8c-ec6a-4823-b1a2-8ea20cea56e7.gdn.poki.com/9ef51f5e-921b-41a6-a247-2d8d82951e63/LevelDevil_wasm.js:0
[   86846ms] [LOG] DOMToGLFWKeyCode keycode = 39 code = ArrowRight @ https://13acae8c-ec6a-4823-b1a2-8ea20cea56e7.gdn.poki.com/9ef51f5e-921b-41a6-a247-2d8d82951e63/LevelDevil_wasm.js:0
[   86929ms] [LOG] DOMToGLFWKeyCode keycode = 39 code = ArrowRight @ https://13acae8c-ec6a-4823-b1a2-8ea20cea56e7.gdn.poki.com/9ef51f5e-921b-41a6-a247-2d8d82951e63/LevelDevil_wasm.js:0
[   87012ms] [LOG] DOMToGLFWKeyCode keycode = 39 code = ArrowRight @ https://13acae8c-ec6a-4823-b1a2-8ea20cea56e7.gdn.poki.com/9ef51f5e-921b-41a6-a247-2d8d82951e63/LevelDevil_wasm.js:0
[   87070ms] [INFO] %cPOKI:%c PokiSDK.gameplayStop( background-color: green; border-radius: 3px; color: white; padding: 1px 5px   ) @ https://game-cdn.poki.com/scripts/460329bfef41a6d4fb73f6638b23a446bee97c21/poki-sdk-hoist-460329bfef41a6d4fb73f6638b23a446bee97c21.js:0
[   87071ms] [INFO] %cPOKI:%c PokiSDK.measure(level, 2-1-2, fail, {"pos_xy":"465.52679231635_144.32382396941"}) background-color: green; border-radius: 3px; color: white; padding: 1px 5px  @ https://game-cdn.poki.com/scripts/v2/poki-sdk.js:0
[   87096ms] [LOG] DOMToGLFWKeyCode keycode = 39 code = ArrowRight @ https://13acae8c-ec6a-4823-b1a2-8ea20cea56e7.gdn.poki.com/9ef51f5e-921b-41a6-a247-2d8d82951e63/LevelDevil_wasm.js:0
[   87179ms] [LOG] DOMToGLFWKeyCode keycode = 39 code = ArrowRight @ https://13acae8c-ec6a-4823-b1a2-8ea20cea56e7.gdn.poki.com/9ef51f5e-921b-41a6-a247-2d8d82951e63/LevelDevil_wasm.js:0
[   87262ms] [LOG] DOMToGLFWKeyCode keycode = 39 code = ArrowRight @ https://13acae8c-ec6a-4823-b1a2-8ea20cea56e7.gdn.poki.com/9ef51f5e-921b-41a6-a247-2d8d82951e63/LevelDevil_wasm.js:0
[   87346ms] [LOG] DOMToGLFWKeyCode keycode = 39 code = ArrowRight @ https://13acae8c-ec6a-4823-b1a2-8ea20cea56e7.gdn.poki.com/9ef51f5e-921b-41a6-a247-2d8d82951e63/LevelDevil_wasm.js:0
[   87429ms] [LOG] DOMToGLFWKeyCode keycode = 39 code = ArrowRight @ https://13acae8c-ec6a-4823-b1a2-8ea20cea56e7.gdn.poki.com/9ef51f5e-921b-41a6-a247-2d8d82951e63/LevelDevil_wasm.js:0
[   87513ms] [LOG] DOMToGLFWKeyCode keycode = 39 code = ArrowRight @ https://13acae8c-ec6a-4823-b1a2-8ea20cea56e7.gdn.poki.com/9ef51f5e-921b-41a6-a247-2d8d82951e63/LevelDevil_wasm.js:0
[   87596ms] [LOG] DOMToGLFWKeyCode keycode = 39 code = ArrowRight @ https://13acae8c-ec6a-4823-b1a2-8ea20cea56e7.gdn.poki.com/9ef51f5e-921b-41a6-a247-2d8d82951e63/LevelDevil_wasm.js:0
[   87636ms] [LOG] DOMToGLFWKeyCode keycode = 39 code = ArrowRight @ https://13acae8c-ec6a-4823-b1a2-8ea20cea56e7.gdn.poki.com/9ef51f5e-921b-41a6-a247-2d8d82951e63/LevelDevil_wasm.js:0
[   88553ms] [LOG] DOMToGLFWKeyCode keycode = 39 code = ArrowRight @ https://13acae8c-ec6a-4823-b1a2-8ea20cea56e7.gdn.poki.com/9ef51f5e-921b-41a6-a247-2d8d82951e63/LevelDevil_wasm.js:0
[   88716ms] [LOG] DOMToGLFWKeyCode keycode = 39 code = ArrowRight @ https://13acae8c-ec6a-4823-b1a2-8ea20cea56e7.gdn.poki.com/9ef51f5e-921b-41a6-a247-2d8d82951e63/LevelDevil_wasm.js:0
[   88720ms] [INFO] %cPOKI:%c PokiSDK.commercialBreak( background-color: green; border-radius: 3px; color: white; padding: 1px 5px  function _commercialBreakStartedCallback(){var msg=PokiSdk.COMMERCIAL_BREAK_START;getWasmTableEntry(PokiSdk._callback)(msg)} ) @ https://game-cdn.poki.com/scripts/460329bfef41a6d4fb73f6638b23a446bee97c21/poki-sdk-hoist-460329bfef41a6d4fb73f6638b23a446bee97c21.js:0
[   88722ms] [INFO] %cPOKI:%c commercialBreak too soon after previous one background-color: green; border-radius: 3px; color: white; padding: 1px 5px  @ https://game-cdn.poki.com/scripts/460329bfef41a6d4fb73f6638b23a446bee97c21/poki-sdk-playground-460329bfef41a6d4fb73f6638b23a446bee97c21.js:0
[   88737ms] [INFO] %cPOKI:%c PokiSDK.measure(level, 2-1-2, start, null) background-color: green; border-radius: 3px; color: white; padding: 1px 5px  @ https://game-cdn.poki.com/scripts/v2/poki-sdk.js:0
[   88987ms] [LOG] DOMToGLFWKeyCode keycode = 39 code = ArrowRight @ https://13acae8c-ec6a-4823-b1a2-8ea20cea56e7.gdn.poki.com/9ef51f5e-921b-41a6-a247-2d8d82951e63/LevelDevil_wasm.js:0
[   88987ms] [INFO] %cPOKI:%c PokiSDK.gameplayStart( background-color: green; border-radius: 3px; color: white; padding: 1px 5px   ) @ https://game-cdn.poki.com/scripts/460329bfef41a6d4fb73f6638b23a446bee97c21/poki-sdk-hoist-460329bfef41a6d4fb73f6638b23a446bee97c21.js:0
[   89486ms] [LOG] DOMToGLFWKeyCode keycode = 39 code = ArrowRight @ https://13acae8c-ec6a-4823-b1a2-8ea20cea56e7.gdn.poki.com/9ef51f5e-921b-41a6-a247-2d8d82951e63/LevelDevil_wasm.js:0
[   89569ms] [LOG] DOMToGLFWKeyCode keycode = 39 code = ArrowRight @ https://13acae8c-ec6a-4823-b1a2-8ea20cea56e7.gdn.poki.com/9ef51f5e-921b-41a6-a247-2d8d82951e63/LevelDevil_wasm.js:0
[   89653ms] [LOG] DOMToGLFWKeyCode keycode = 39 code = ArrowRight @ https://13acae8c-ec6a-4823-b1a2-8ea20cea56e7.gdn.poki.com/9ef51f5e-921b-41a6-a247-2d8d82951e63/LevelDevil_wasm.js:0
[   89737ms] [LOG] DOMToGLFWKeyCode keycode = 39 code = ArrowRight @ https://13acae8c-ec6a-4823-b1a2-8ea20cea56e7.gdn.poki.com/9ef51f5e-921b-41a6-a247-2d8d82951e63/LevelDevil_wasm.js:0
[   89821ms] [LOG] DOMToGLFWKeyCode keycode = 39 code = ArrowRight @ https://13acae8c-ec6a-4823-b1a2-8ea20cea56e7.gdn.poki.com/9ef51f5e-921b-41a6-a247-2d8d82951e63/LevelDevil_wasm.js:0
[   89904ms] [LOG] DOMToGLFWKeyCode keycode = 39 code = ArrowRight @ https://13acae8c-ec6a-4823-b1a2-8ea20cea56e7.gdn.poki.com/9ef51f5e-921b-41a6-a247-2d8d82951e63/LevelDevil_wasm.js:0
[   89987ms] [LOG] DOMToGLFWKeyCode keycode = 39 code = ArrowRight @ https://13acae8c-ec6a-4823-b1a2-8ea20cea56e7.gdn.poki.com/9ef51f5e-921b-41a6-a247-2d8d82951e63/LevelDevil_wasm.js:0
[   90070ms] [LOG] DOMToGLFWKeyCode keycode = 39 code = ArrowRight @ https://13acae8c-ec6a-4823-b1a2-8ea20cea56e7.gdn.poki.com/9ef51f5e-921b-41a6-a247-2d8d82951e63/LevelDevil_wasm.js:0
[   90153ms] [LOG] DOMToGLFWKeyCode keycode = 39 code = ArrowRight @ https://13acae8c-ec6a-4823-b1a2-8ea20cea56e7.gdn.poki.com/9ef51f5e-921b-41a6-a247-2d8d82951e63/LevelDevil_wasm.js:0
[   90236ms] [LOG] DOMToGLFWKeyCode keycode = 39 code = ArrowRight @ https://13acae8c-ec6a-4823-b1a2-8ea20cea56e7.gdn.poki.com/9ef51f5e-921b-41a6-a247-2d8d82951e63/LevelDevil_wasm.js:0
[   90320ms] [LOG] DOMToGLFWKeyCode keycode = 39 code = ArrowRight @ https://13acae8c-ec6a-4823-b1a2-8ea20cea56e7.gdn.poki.com/9ef51f5e-921b-41a6-a247-2d8d82951e63/LevelDevil_wasm.js:0
[   90403ms] [LOG] DOMToGLFWKeyCode keycode = 39 code = ArrowRight @ https://13acae8c-ec6a-4823-b1a2-8ea20cea56e7.gdn.poki.com/9ef51f5e-921b-41a6-a247-2d8d82951e63/LevelDevil_wasm.js:0
[   90486ms] [LOG] DOMToGLFWKeyCode keycode = 39 code = ArrowRight @ https://13acae8c-ec6a-4823-b1a2-8ea20cea56e7.gdn.poki.com/9ef51f5e-921b-41a6-a247-2d8d82951e63/LevelDevil_wasm.js:0
[   90571ms] [LOG] DOMToGLFWKeyCode keycode = 39 code = ArrowRight @ https://13acae8c-ec6a-4823-b1a2-8ea20cea56e7.gdn.poki.com/9ef51f5e-921b-41a6-a247-2d8d82951e63/LevelDevil_wasm.js:0
[   90653ms] [LOG] DOMToGLFWKeyCode keycode = 39 code = ArrowRight @ https://13acae8c-ec6a-4823-b1a2-8ea20cea56e7.gdn.poki.com/9ef51f5e-921b-41a6-a247-2d8d82951e63/LevelDevil_wasm.js:0
[   90708ms] [LOG] DOMToGLFWKeyCode keycode = 37 code = ArrowLeft @ https://13acae8c-ec6a-4823-b1a2-8ea20cea56e7.gdn.poki.com/9ef51f5e-921b-41a6-a247-2d8d82951e63/LevelDevil_wasm.js:0
[   90732ms] [LOG] DOMToGLFWKeyCode keycode = 39 code = ArrowRight @ https://13acae8c-ec6a-4823-b1a2-8ea20cea56e7.gdn.poki.com/9ef51f5e-921b-41a6-a247-2d8d82951e63/LevelDevil_wasm.js:0
[   91208ms] [LOG] DOMToGLFWKeyCode keycode = 37 code = ArrowLeft @ https://13acae8c-ec6a-4823-b1a2-8ea20cea56e7.gdn.poki.com/9ef51f5e-921b-41a6-a247-2d8d82951e63/LevelDevil_wasm.js:0
[   91292ms] [LOG] DOMToGLFWKeyCode keycode = 37 code = ArrowLeft @ https://13acae8c-ec6a-4823-b1a2-8ea20cea56e7.gdn.poki.com/9ef51f5e-921b-41a6-a247-2d8d82951e63/LevelDevil_wasm.js:0
[   91375ms] [LOG] DOMToGLFWKeyCode keycode = 37 code = ArrowLeft @ https://13acae8c-ec6a-4823-b1a2-8ea20cea56e7.gdn.poki.com/9ef51f5e-921b-41a6-a247-2d8d82951e63/LevelDevil_wasm.js:0
[   91459ms] [LOG] DOMToGLFWKeyCode keycode = 37 code = ArrowLeft @ https://13acae8c-ec6a-4823-b1a2-8ea20cea56e7.gdn.poki.com/9ef51f5e-921b-41a6-a247-2d8d82951e63/LevelDevil_wasm.js:0
[   91542ms] [LOG] DOMToGLFWKeyCode keycode = 37 code = ArrowLeft @ https://13acae8c-ec6a-4823-b1a2-8ea20cea56e7.gdn.poki.com/9ef51f5e-921b-41a6-a247-2d8d82951e63/LevelDevil_wasm.js:0
[   91625ms] [LOG] DOMToGLFWKeyCode keycode = 37 code = ArrowLeft @ https://13acae8c-ec6a-4823-b1a2-8ea20cea56e7.gdn.poki.com/9ef51f5e-921b-41a6-a247-2d8d82951e63/LevelDevil_wasm.js:0
[   91663ms] [LOG] DOMToGLFWKeyCode keycode = 37 code = ArrowLeft @ https://13acae8c-ec6a-4823-b1a2-8ea20cea56e7.gdn.poki.com/9ef51f5e-921b-41a6-a247-2d8d82951e63/LevelDevil_wasm.js:0
[   93676ms] [LOG] DOMToGLFWKeyCode keycode = 39 code = ArrowRight @ https://13acae8c-ec6a-4823-b1a2-8ea20cea56e7.gdn.poki.com/9ef51f5e-921b-41a6-a247-2d8d82951e63/LevelDevil_wasm.js:0
[   94121ms] [LOG] DOMToGLFWKeyCode keycode = 39 code = ArrowRight @ https://13acae8c-ec6a-4823-b1a2-8ea20cea56e7.gdn.poki.com/9ef51f5e-921b-41a6-a247-2d8d82951e63/LevelDevil_wasm.js:0
[   95737ms] [INFO] %cPOKI:%c PokiSDK.gameplayStop( background-color: green; border-radius: 3px; color: white; padding: 1px 5px   ) @ https://game-cdn.poki.com/scripts/460329bfef41a6d4fb73f6638b23a446bee97c21/poki-sdk-hoist-460329bfef41a6d4fb73f6638b23a446bee97c21.js:0
[   95739ms] [INFO] %cPOKI:%c PokiSDK.measure(level, 2-1-2, fail, {"pos_xy":"274.03030037766_144.32382396941"}) background-color: green; border-radius: 3px; color: white; padding: 1px 5px  @ https://game-cdn.poki.com/scripts/v2/poki-sdk.js:0
[   97191ms] [LOG] DOMToGLFWKeyCode keycode = 39 code = ArrowRight @ https://13acae8c-ec6a-4823-b1a2-8ea20cea56e7.gdn.poki.com/9ef51f5e-921b-41a6-a247-2d8d82951e63/LevelDevil_wasm.js:0
[   97296ms] [LOG] DOMToGLFWKeyCode keycode = 39 code = ArrowRight @ https://13acae8c-ec6a-4823-b1a2-8ea20cea56e7.gdn.poki.com/9ef51f5e-921b-41a6-a247-2d8d82951e63/LevelDevil_wasm.js:0
[   97303ms] [INFO] %cPOKI:%c PokiSDK.commercialBreak( background-color: green; border-radius: 3px; color: white; padding: 1px 5px  function _commercialBreakStartedCallback(){var msg=PokiSdk.COMMERCIAL_BREAK_START;getWasmTableEntry(PokiSdk._callback)(msg)} ) @ https://game-cdn.poki.com/scripts/460329bfef41a6d4fb73f6638b23a446bee97c21/poki-sdk-hoist-460329bfef41a6d4fb73f6638b23a446bee97c21.js:0
[   97306ms] [INFO] %cPOKI:%c commercialBreak too soon after previous one background-color: green; border-radius: 3px; color: white; padding: 1px 5px  @ https://game-cdn.poki.com/scripts/460329bfef41a6d4fb73f6638b23a446bee97c21/poki-sdk-playground-460329bfef41a6d4fb73f6638b23a446bee97c21.js:0
[   97320ms] [INFO] %cPOKI:%c PokiSDK.measure(level, 2-1-2, start, null) background-color: green; border-radius: 3px; color: white; padding: 1px 5px  @ https://game-cdn.poki.com/scripts/v2/poki-sdk.js:0
[   97575ms] [LOG] DOMToGLFWKeyCode keycode = 39 code = ArrowRight @ https://13acae8c-ec6a-4823-b1a2-8ea20cea56e7.gdn.poki.com/9ef51f5e-921b-41a6-a247-2d8d82951e63/LevelDevil_wasm.js:0
[   97587ms] [INFO] %cPOKI:%c PokiSDK.gameplayStart( background-color: green; border-radius: 3px; color: white; padding: 1px 5px   ) @ https://game-cdn.poki.com/scripts/460329bfef41a6d4fb73f6638b23a446bee97c21/poki-sdk-hoist-460329bfef41a6d4fb73f6638b23a446bee97c21.js:0
[   98075ms] [LOG] DOMToGLFWKeyCode keycode = 39 code = ArrowRight @ https://13acae8c-ec6a-4823-b1a2-8ea20cea56e7.gdn.poki.com/9ef51f5e-921b-41a6-a247-2d8d82951e63/LevelDevil_wasm.js:0
[   98158ms] [LOG] DOMToGLFWKeyCode keycode = 39 code = ArrowRight @ https://13acae8c-ec6a-4823-b1a2-8ea20cea56e7.gdn.poki.com/9ef51f5e-921b-41a6-a247-2d8d82951e63/LevelDevil_wasm.js:0
[   98242ms] [LOG] DOMToGLFWKeyCode keycode = 39 code = ArrowRight @ https://13acae8c-ec6a-4823-b1a2-8ea20cea56e7.gdn.poki.com/9ef51f5e-921b-41a6-a247-2d8d82951e63/LevelDevil_wasm.js:0
[   98325ms] [LOG] DOMToGLFWKeyCode keycode = 39 code = ArrowRight @ https://13acae8c-ec6a-4823-b1a2-8ea20cea56e7.gdn.poki.com/9ef51f5e-921b-41a6-a247-2d8d82951e63/LevelDevil_wasm.js:0
[   98408ms] [LOG] DOMToGLFWKeyCode keycode = 39 code = ArrowRight @ https://13acae8c-ec6a-4823-b1a2-8ea20cea56e7.gdn.poki.com/9ef51f5e-921b-41a6-a247-2d8d82951e63/LevelDevil_wasm.js:0
[   98492ms] [LOG] DOMToGLFWKeyCode keycode = 39 code = ArrowRight @ https://13acae8c-ec6a-4823-b1a2-8ea20cea56e7.gdn.poki.com/9ef51f5e-921b-41a6-a247-2d8d82951e63/LevelDevil_wasm.js:0
[   98575ms] [LOG] DOMToGLFWKeyCode keycode = 39 code = ArrowRight @ https://13acae8c-ec6a-4823-b1a2-8ea20cea56e7.gdn.poki.com/9ef51f5e-921b-41a6-a247-2d8d82951e63/LevelDevil_wasm.js:0
[   98658ms] [LOG] DOMToGLFWKeyCode keycode = 39 code = ArrowRight @ https://13acae8c-ec6a-4823-b1a2-8ea20cea56e7.gdn.poki.com/9ef51f5e-921b-41a6-a247-2d8d82951e63/LevelDevil_wasm.js:0
[   98742ms] [LOG] DOMToGLFWKeyCode keycode = 39 code = ArrowRight @ https://13acae8c-ec6a-4823-b1a2-8ea20cea56e7.gdn.poki.com/9ef51f5e-921b-41a6-a247-2d8d82951e63/LevelDevil_wasm.js:0
[   98825ms] [LOG] DOMToGLFWKeyCode keycode = 39 code = ArrowRight @ https://13acae8c-ec6a-4823-b1a2-8ea20cea56e7.gdn.poki.com/9ef51f5e-921b-41a6-a247-2d8d82951e63/LevelDevil_wasm.js:0
[   98908ms] [LOG] DOMToGLFWKeyCode keycode = 39 code = ArrowRight @ https://13acae8c-ec6a-4823-b1a2-8ea20cea56e7.gdn.poki.com/9ef51f5e-921b-41a6-a247-2d8d82951e63/LevelDevil_wasm.js:0
[   98947ms] [LOG] DOMToGLFWKeyCode keycode = 37 code = ArrowLeft @ https://13acae8c-ec6a-4823-b1a2-8ea20cea56e7.gdn.poki.com/9ef51f5e-921b-41a6-a247-2d8d82951e63/LevelDevil_wasm.js:0
[   99032ms] [LOG] DOMToGLFWKeyCode keycode = 39 code = ArrowRight @ https://13acae8c-ec6a-4823-b1a2-8ea20cea56e7.gdn.poki.com/9ef51f5e-921b-41a6-a247-2d8d82951e63/LevelDevil_wasm.js:0
[   99449ms] [LOG] DOMToGLFWKeyCode keycode = 37 code = ArrowLeft @ https://13acae8c-ec6a-4823-b1a2-8ea20cea56e7.gdn.poki.com/9ef51f5e-921b-41a6-a247-2d8d82951e63/LevelDevil_wasm.js:0
[   99530ms] [LOG] DOMToGLFWKeyCode keycode = 37 code = ArrowLeft @ https://13acae8c-ec6a-4823-b1a2-8ea20cea56e7.gdn.poki.com/9ef51f5e-921b-41a6-a247-2d8d82951e63/LevelDevil_wasm.js:0
[   99616ms] [LOG] DOMToGLFWKeyCode keycode = 37 code = ArrowLeft @ https://13acae8c-ec6a-4823-b1a2-8ea20cea56e7.gdn.poki.com/9ef51f5e-921b-41a6-a247-2d8d82951e63/LevelDevil_wasm.js:0
[   99699ms] [LOG] DOMToGLFWKeyCode keycode = 37 code = ArrowLeft @ https://13acae8c-ec6a-4823-b1a2-8ea20cea56e7.gdn.poki.com/9ef51f5e-921b-41a6-a247-2d8d82951e63/LevelDevil_wasm.js:0
[   99783ms] [LOG] DOMToGLFWKeyCode keycode = 37 code = ArrowLeft @ https://13acae8c-ec6a-4823-b1a2-8ea20cea56e7.gdn.poki.com/9ef51f5e-921b-41a6-a247-2d8d82951e63/LevelDevil_wasm.js:0
[   99866ms] [LOG] DOMToGLFWKeyCode keycode = 37 code = ArrowLeft @ https://13acae8c-ec6a-4823-b1a2-8ea20cea56e7.gdn.poki.com/9ef51f5e-921b-41a6-a247-2d8d82951e63/LevelDevil_wasm.js:0
[   99874ms] [LOG] DOMToGLFWKeyCode keycode = 37 code = ArrowLeft @ https://13acae8c-ec6a-4823-b1a2-8ea20cea56e7.gdn.poki.com/9ef51f5e-921b-41a6-a247-2d8d82951e63/LevelDevil_wasm.js:0
[  100105ms] [LOG] DOMToGLFWKeyCode keycode = 39 code = ArrowRight @ https://13acae8c-ec6a-4823-b1a2-8ea20cea56e7.gdn.poki.com/9ef51f5e-921b-41a6-a247-2d8d82951e63/LevelDevil_wasm.js:0
[  100606ms] [LOG] DOMToGLFWKeyCode keycode = 39 code = ArrowRight @ https://13acae8c-ec6a-4823-b1a2-8ea20cea56e7.gdn.poki.com/9ef51f5e-921b-41a6-a247-2d8d82951e63/LevelDevil_wasm.js:0
[  100691ms] [LOG] DOMToGLFWKeyCode keycode = 39 code = ArrowRight @ https://13acae8c-ec6a-4823-b1a2-8ea20cea56e7.gdn.poki.com/9ef51f5e-921b-41a6-a247-2d8d82951e63/LevelDevil_wasm.js:0
[  100774ms] [LOG] DOMToGLFWKeyCode keycode = 39 code = ArrowRight @ https://13acae8c-ec6a-4823-b1a2-8ea20cea56e7.gdn.poki.com/9ef51f5e-921b-41a6-a247-2d8d82951e63/LevelDevil_wasm.js:0
[  100858ms] [LOG] DOMToGLFWKeyCode keycode = 39 code = ArrowRight @ https://13acae8c-ec6a-4823-b1a2-8ea20cea56e7.gdn.poki.com/9ef51f5e-921b-41a6-a247-2d8d82951e63/LevelDevil_wasm.js:0
[  100909ms] [LOG] DOMToGLFWKeyCode keycode = 39 code = ArrowRight @ https://13acae8c-ec6a-4823-b1a2-8ea20cea56e7.gdn.poki.com/9ef51f5e-921b-41a6-a247-2d8d82951e63/LevelDevil_wasm.js:0
[  100991ms] [LOG] DOMToGLFWKeyCode keycode = 37 code = ArrowLeft @ https://13acae8c-ec6a-4823-b1a2-8ea20cea56e7.gdn.poki.com/9ef51f5e-921b-41a6-a247-2d8d82951e63/LevelDevil_wasm.js:0
[  101491ms] [LOG] DOMToGLFWKeyCode keycode = 37 code = ArrowLeft @ https://13acae8c-ec6a-4823-b1a2-8ea20cea56e7.gdn.poki.com/9ef51f5e-921b-41a6-a247-2d8d82951e63/LevelDevil_wasm.js:0
[  101561ms] [LOG] DOMToGLFWKeyCode keycode = 37 code = ArrowLeft @ https://13acae8c-ec6a-4823-b1a2-8ea20cea56e7.gdn.poki.com/9ef51f5e-921b-41a6-a247-2d8d82951e63/LevelDevil_wasm.js:0
[  101721ms] [LOG] DOMToGLFWKeyCode keycode = 39 code = ArrowRight @ https://13acae8c-ec6a-4823-b1a2-8ea20cea56e7.gdn.poki.com/9ef51f5e-921b-41a6-a247-2d8d82951e63/LevelDevil_wasm.js:0
[  101897ms] [LOG] DOMToGLFWKeyCode keycode = 39 code = ArrowRight @ https://13acae8c-ec6a-4823-b1a2-8ea20cea56e7.gdn.poki.com/9ef51f5e-921b-41a6-a247-2d8d82951e63/LevelDevil_wasm.js:0
[  102616ms] [LOG] DOMToGLFWKeyCode keycode = 39 code = ArrowRight @ https://13acae8c-ec6a-4823-b1a2-8ea20cea56e7.gdn.poki.com/9ef51f5e-921b-41a6-a247-2d8d82951e63/LevelDevil_wasm.js:0
[  102765ms] [LOG] DOMToGLFWKeyCode keycode = 39 code = ArrowRight @ https://13acae8c-ec6a-4823-b1a2-8ea20cea56e7.gdn.poki.com/9ef51f5e-921b-41a6-a247-2d8d82951e63/LevelDevil_wasm.js:0
[  104791ms] [LOG] DOMToGLFWKeyCode keycode = 39 code = ArrowRight @ https://13acae8c-ec6a-4823-b1a2-8ea20cea56e7.gdn.poki.com/9ef51f5e-921b-41a6-a247-2d8d82951e63/LevelDevil_wasm.js:0
[  105291ms] [LOG] DOMToGLFWKeyCode keycode = 39 code = ArrowRight @ https://13acae8c-ec6a-4823-b1a2-8ea20cea56e7.gdn.poki.com/9ef51f5e-921b-41a6-a247-2d8d82951e63/LevelDevil_wasm.js:0
[  105319ms] [LOG] DOMToGLFWKeyCode keycode = 39 code = ArrowRight @ https://13acae8c-ec6a-4823-b1a2-8ea20cea56e7.gdn.poki.com/9ef51f5e-921b-41a6-a247-2d8d82951e63/LevelDevil_wasm.js:0
[  105429ms] [LOG] DOMToGLFWKeyCode keycode = 37 code = ArrowLeft @ https://13acae8c-ec6a-4823-b1a2-8ea20cea56e7.gdn.poki.com/9ef51f5e-921b-41a6-a247-2d8d82951e63/LevelDevil_wasm.js:0
[  105929ms] [LOG] DOMToGLFWKeyCode keycode = 37 code = ArrowLeft @ https://13acae8c-ec6a-4823-b1a2-8ea20cea56e7.gdn.poki.com/9ef51f5e-921b-41a6-a247-2d8d82951e63/LevelDevil_wasm.js:0
[  105965ms] [LOG] DOMToGLFWKeyCode keycode = 37 code = ArrowLeft @ https://13acae8c-ec6a-4823-b1a2-8ea20cea56e7.gdn.poki.com/9ef51f5e-921b-41a6-a247-2d8d82951e63/LevelDevil_wasm.js:0
[  106613ms] [LOG] DOMToGLFWKeyCode keycode = 39 code = ArrowRight @ https://13acae8c-ec6a-4823-b1a2-8ea20cea56e7.gdn.poki.com/9ef51f5e-921b-41a6-a247-2d8d82951e63/LevelDevil_wasm.js:0
[  107113ms] [LOG] DOMToGLFWKeyCode keycode = 39 code = ArrowRight @ https://13acae8c-ec6a-4823-b1a2-8ea20cea56e7.gdn.poki.com/9ef51f5e-921b-41a6-a247-2d8d82951e63/LevelDevil_wasm.js:0
[  107196ms] [LOG] DOMToGLFWKeyCode keycode = 39 code = ArrowRight @ https://13acae8c-ec6a-4823-b1a2-8ea20cea56e7.gdn.poki.com/9ef51f5e-921b-41a6-a247-2d8d82951e63/LevelDevil_wasm.js:0
[  107280ms] [LOG] DOMToGLFWKeyCode keycode = 39 code = ArrowRight @ https://13acae8c-ec6a-4823-b1a2-8ea20cea56e7.gdn.poki.com/9ef51f5e-921b-41a6-a247-2d8d82951e63/LevelDevil_wasm.js:0
[  107366ms] [LOG] DOMToGLFWKeyCode keycode = 39 code = ArrowRight @ https://13acae8c-ec6a-4823-b1a2-8ea20cea56e7.gdn.poki.com/9ef51f5e-921b-41a6-a247-2d8d82951e63/LevelDevil_wasm.js:0
[  107449ms] [LOG] DOMToGLFWKeyCode keycode = 39 code = ArrowRight @ https://13acae8c-ec6a-4823-b1a2-8ea20cea56e7.gdn.poki.com/9ef51f5e-921b-41a6-a247-2d8d82951e63/LevelDevil_wasm.js:0
[  107532ms] [LOG] DOMToGLFWKeyCode keycode = 39 code = ArrowRight @ https://13acae8c-ec6a-4823-b1a2-8ea20cea56e7.gdn.poki.com/9ef51f5e-921b-41a6-a247-2d8d82951e63/LevelDevil_wasm.js:0
[  107616ms] [LOG] DOMToGLFWKeyCode keycode = 39 code = ArrowRight @ https://13acae8c-ec6a-4823-b1a2-8ea20cea56e7.gdn.poki.com/9ef51f5e-921b-41a6-a247-2d8d82951e63/LevelDevil_wasm.js:0
[  107699ms] [LOG] DOMToGLFWKeyCode keycode = 39 code = ArrowRight @ https://13acae8c-ec6a-4823-b1a2-8ea20cea56e7.gdn.poki.com/9ef51f5e-921b-41a6-a247-2d8d82951e63/LevelDevil_wasm.js:0
[  107783ms] [LOG] DOMToGLFWKeyCode keycode = 39 code = ArrowRight @ https://13acae8c-ec6a-4823-b1a2-8ea20cea56e7.gdn.poki.com/9ef51f5e-921b-41a6-a247-2d8d82951e63/LevelDevil_wasm.js:0
[  107866ms] [LOG] DOMToGLFWKeyCode keycode = 39 code = ArrowRight @ https://13acae8c-ec6a-4823-b1a2-8ea20cea56e7.gdn.poki.com/9ef51f5e-921b-41a6-a247-2d8d82951e63/LevelDevil_wasm.js:0
[  107949ms] [LOG] DOMToGLFWKeyCode keycode = 39 code = ArrowRight @ https://13acae8c-ec6a-4823-b1a2-8ea20cea56e7.gdn.poki.com/9ef51f5e-921b-41a6-a247-2d8d82951e63/LevelDevil_wasm.js:0
[  108036ms] [LOG] DOMToGLFWKeyCode keycode = 39 code = ArrowRight @ https://13acae8c-ec6a-4823-b1a2-8ea20cea56e7.gdn.poki.com/9ef51f5e-921b-41a6-a247-2d8d82951e63/LevelDevil_wasm.js:0
[  108116ms] [LOG] DOMToGLFWKeyCode keycode = 39 code = ArrowRight @ https://13acae8c-ec6a-4823-b1a2-8ea20cea56e7.gdn.poki.com/9ef51f5e-921b-41a6-a247-2d8d82951e63/LevelDevil_wasm.js:0
[  108203ms] [LOG] DOMToGLFWKeyCode keycode = 39 code = ArrowRight @ https://13acae8c-ec6a-4823-b1a2-8ea20cea56e7.gdn.poki.com/9ef51f5e-921b-41a6-a247-2d8d82951e63/LevelDevil_wasm.js:0
[  108287ms] [LOG] DOMToGLFWKeyCode keycode = 39 code = ArrowRight @ https://13acae8c-ec6a-4823-b1a2-8ea20cea56e7.gdn.poki.com/9ef51f5e-921b-41a6-a247-2d8d82951e63/LevelDevil_wasm.js:0
[  108371ms] [LOG] DOMToGLFWKeyCode keycode = 39 code = ArrowRight @ https://13acae8c-ec6a-4823-b1a2-8ea20cea56e7.gdn.poki.com/9ef51f5e-921b-41a6-a247-2d8d82951e63/LevelDevil_wasm.js:0
[  108454ms] [LOG] DOMToGLFWKeyCode keycode = 39 code = ArrowRight @ https://13acae8c-ec6a-4823-b1a2-8ea20cea56e7.gdn.poki.com/9ef51f5e-921b-41a6-a247-2d8d82951e63/LevelDevil_wasm.js:0
[  108536ms] [LOG] DOMToGLFWKeyCode keycode = 39 code = ArrowRight @ https://13acae8c-ec6a-4823-b1a2-8ea20cea56e7.gdn.poki.com/9ef51f5e-921b-41a6-a247-2d8d82951e63/LevelDevil_wasm.js:0
[  108553ms] [INFO] %cPOKI:%c PokiSDK.gameplayStop( background-color: green; border-radius: 3px; color: white; padding: 1px 5px   ) @ https://game-cdn.poki.com/scripts/460329bfef41a6d4fb73f6638b23a446bee97c21/poki-sdk-hoist-460329bfef41a6d4fb73f6638b23a446bee97c21.js:0
[  108554ms] [INFO] %cPOKI:%c PokiSDK.measure(level, 2-1-2, fail, {"pos_xy":"574.91656859183_144.32382396941"}) background-color: green; border-radius: 3px; color: white; padding: 1px 5px  @ https://game-cdn.poki.com/scripts/v2/poki-sdk.js:0
[  108558ms] [ERROR] %cPOKI:%c Bot, IMA or Adblocker error background-color: red; border-radius: 3px; color: white; padding: 1px 5px  @ https://a.poki-cdn.com/ay/client-v2_fd398e0df0a7a854269de40c2618f8c80812d2d1.js:16
[  108559ms] [ERROR] %cPOKI:%c Bot, IMA or Adblocker error background-color: red; border-radius: 3px; color: white; padding: 1px 5px  @ https://a.poki-cdn.com/ay/client-v2_fd398e0df0a7a854269de40c2618f8c80812d2d1.js:16
[  108559ms] [ERROR] %cPOKI:%c Bot, IMA or Adblocker error background-color: red; border-radius: 3px; color: white; padding: 1px 5px  @ https://a.poki-cdn.com/ay/client-v2_fd398e0df0a7a854269de40c2618f8c80812d2d1.js:16
[  108620ms] [LOG] DOMToGLFWKeyCode keycode = 39 code = ArrowRight @ https://13acae8c-ec6a-4823-b1a2-8ea20cea56e7.gdn.poki.com/9ef51f5e-921b-41a6-a247-2d8d82951e63/LevelDevil_wasm.js:0
[  108661ms] [LOG] DOMToGLFWKeyCode keycode = 39 code = ArrowRight @ https://13acae8c-ec6a-4823-b1a2-8ea20cea56e7.gdn.poki.com/9ef51f5e-921b-41a6-a247-2d8d82951e63/LevelDevil_wasm.js:0
[  109280ms] [LOG] DOMToGLFWKeyCode keycode = 39 code = ArrowRight @ https://13acae8c-ec6a-4823-b1a2-8ea20cea56e7.gdn.poki.com/9ef51f5e-921b-41a6-a247-2d8d82951e63/LevelDevil_wasm.js:0
[  109644ms] [LOG] DOMToGLFWKeyCode keycode = 39 code = ArrowRight @ https://13acae8c-ec6a-4823-b1a2-8ea20cea56e7.gdn.poki.com/9ef51f5e-921b-41a6-a247-2d8d82951e63/LevelDevil_wasm.js:0
[  109653ms] [INFO] %cPOKI:%c PokiSDK.commercialBreak( background-color: green; border-radius: 3px; color: white; padding: 1px 5px  function _commercialBreakStartedCallback(){var msg=PokiSdk.COMMERCIAL_BREAK_START;getWasmTableEntry(PokiSdk._callback)(msg)} ) @ https://game-cdn.poki.com/scripts/460329bfef41a6d4fb73f6638b23a446bee97c21/poki-sdk-hoist-460329bfef41a6d4fb73f6638b23a446bee97c21.js:0
[  109656ms] [INFO] %cPOKI:%c commercialBreak too soon after previous one background-color: green; border-radius: 3px; color: white; padding: 1px 5px  @ https://game-cdn.poki.com/scripts/460329bfef41a6d4fb73f6638b23a446bee97c21/poki-sdk-playground-460329bfef41a6d4fb73f6638b23a446bee97c21.js:0
[  109670ms] [INFO] %cPOKI:%c PokiSDK.measure(level, 2-1-2, start, null) background-color: green; border-radius: 3px; color: white; padding: 1px 5px  @ https://game-cdn.poki.com/scripts/v2/poki-sdk.js:0
[  109672ms] [LOG] DOMToGLFWKeyCode keycode = 38 code = ArrowUp @ https://13acae8c-ec6a-4823-b1a2-8ea20cea56e7.gdn.poki.com/9ef51f5e-921b-41a6-a247-2d8d82951e63/LevelDevil_wasm.js:0
[  109674ms] [LOG] DOMToGLFWKeyCode keycode = 40 code = ArrowDown @ https://13acae8c-ec6a-4823-b1a2-8ea20cea56e7.gdn.poki.com/9ef51f5e-921b-41a6-a247-2d8d82951e63/LevelDevil_wasm.js:0
[  109687ms] [INFO] %cPOKI:%c PokiSDK.gameplayStart( background-color: green; border-radius: 3px; color: white; padding: 1px 5px   ) @ https://game-cdn.poki.com/scripts/460329bfef41a6d4fb73f6638b23a446bee97c21/poki-sdk-hoist-460329bfef41a6d4fb73f6638b23a446bee97c21.js:0
[  109795ms] [LOG] DOMToGLFWKeyCode keycode = 40 code = ArrowDown @ https://13acae8c-ec6a-4823-b1a2-8ea20cea56e7.gdn.poki.com/9ef51f5e-921b-41a6-a247-2d8d82951e63/LevelDevil_wasm.js:0
[  109807ms] [LOG] DOMToGLFWKeyCode keycode = 38 code = ArrowUp @ https://13acae8c-ec6a-4823-b1a2-8ea20cea56e7.gdn.poki.com/9ef51f5e-921b-41a6-a247-2d8d82951e63/LevelDevil_wasm.js:0
[  109816ms] [LOG] DOMToGLFWKeyCode keycode = 39 code = ArrowRight @ https://13acae8c-ec6a-4823-b1a2-8ea20cea56e7.gdn.poki.com/9ef51f5e-921b-41a6-a247-2d8d82951e63/LevelDevil_wasm.js:0
[  110258ms] [LOG] DOMToGLFWKeyCode keycode = 38 code = ArrowUp @ https://13acae8c-ec6a-4823-b1a2-8ea20cea56e7.gdn.poki.com/9ef51f5e-921b-41a6-a247-2d8d82951e63/LevelDevil_wasm.js:0
[  110757ms] [LOG] DOMToGLFWKeyCode keycode = 38 code = ArrowUp @ https://13acae8c-ec6a-4823-b1a2-8ea20cea56e7.gdn.poki.com/9ef51f5e-921b-41a6-a247-2d8d82951e63/LevelDevil_wasm.js:0
[  110841ms] [LOG] DOMToGLFWKeyCode keycode = 38 code = ArrowUp @ https://13acae8c-ec6a-4823-b1a2-8ea20cea56e7.gdn.poki.com/9ef51f5e-921b-41a6-a247-2d8d82951e63/LevelDevil_wasm.js:0
[  110924ms] [LOG] DOMToGLFWKeyCode keycode = 38 code = ArrowUp @ https://13acae8c-ec6a-4823-b1a2-8ea20cea56e7.gdn.poki.com/9ef51f5e-921b-41a6-a247-2d8d82951e63/LevelDevil_wasm.js:0
[  110995ms] [LOG] DOMToGLFWKeyCode keycode = 38 code = ArrowUp @ https://13acae8c-ec6a-4823-b1a2-8ea20cea56e7.gdn.poki.com/9ef51f5e-921b-41a6-a247-2d8d82951e63/LevelDevil_wasm.js:0
[  111141ms] [LOG] DOMToGLFWKeyCode keycode = 38 code = ArrowUp @ https://13acae8c-ec6a-4823-b1a2-8ea20cea56e7.gdn.poki.com/9ef51f5e-921b-41a6-a247-2d8d82951e63/LevelDevil_wasm.js:0
[  111286ms] [LOG] DOMToGLFWKeyCode keycode = 38 code = ArrowUp @ https://13acae8c-ec6a-4823-b1a2-8ea20cea56e7.gdn.poki.com/9ef51f5e-921b-41a6-a247-2d8d82951e63/LevelDevil_wasm.js:0
[  111666ms] [LOG] DOMToGLFWKeyCode keycode = 38 code = ArrowUp @ https://13acae8c-ec6a-4823-b1a2-8ea20cea56e7.gdn.poki.com/9ef51f5e-921b-41a6-a247-2d8d82951e63/LevelDevil_wasm.js:0
[  111853ms] [LOG] DOMToGLFWKeyCode keycode = 38 code = ArrowUp @ https://13acae8c-ec6a-4823-b1a2-8ea20cea56e7.gdn.poki.com/9ef51f5e-921b-41a6-a247-2d8d82951e63/LevelDevil_wasm.js:0
[  112112ms] [LOG] DOMToGLFWKeyCode keycode = 38 code = ArrowUp @ https://13acae8c-ec6a-4823-b1a2-8ea20cea56e7.gdn.poki.com/9ef51f5e-921b-41a6-a247-2d8d82951e63/LevelDevil_wasm.js:0
[  112254ms] [INFO] %cPOKI:%c PokiSDK.gameplayStop( background-color: green; border-radius: 3px; color: white; padding: 1px 5px   ) @ https://game-cdn.poki.com/scripts/460329bfef41a6d4fb73f6638b23a446bee97c21/poki-sdk-hoist-460329bfef41a6d4fb73f6638b23a446bee97c21.js:0
[  112255ms] [INFO] %cPOKI:%c PokiSDK.measure(level, 2-1-2, fail, {"pos_xy":"449.25633451471_176.51576005652"}) background-color: green; border-radius: 3px; color: white; padding: 1px 5px  @ https://game-cdn.poki.com/scripts/v2/poki-sdk.js:0
[  112435ms] [LOG] DOMToGLFWKeyCode keycode = 38 code = ArrowUp @ https://13acae8c-ec6a-4823-b1a2-8ea20cea56e7.gdn.poki.com/9ef51f5e-921b-41a6-a247-2d8d82951e63/LevelDevil_wasm.js:0
[  112780ms] [LOG] DOMToGLFWKeyCode keycode = 39 code = ArrowRight @ https://13acae8c-ec6a-4823-b1a2-8ea20cea56e7.gdn.poki.com/9ef51f5e-921b-41a6-a247-2d8d82951e63/LevelDevil_wasm.js:0
[  112910ms] [LOG] DOMToGLFWKeyCode keycode = 39 code = ArrowRight @ https://13acae8c-ec6a-4823-b1a2-8ea20cea56e7.gdn.poki.com/9ef51f5e-921b-41a6-a247-2d8d82951e63/LevelDevil_wasm.js:0
[  113026ms] [LOG] DOMToGLFWKeyCode keycode = 39 code = ArrowRight @ https://13acae8c-ec6a-4823-b1a2-8ea20cea56e7.gdn.poki.com/9ef51f5e-921b-41a6-a247-2d8d82951e63/LevelDevil_wasm.js:0
[  113399ms] [LOG] DOMToGLFWKeyCode keycode = 39 code = ArrowRight @ https://13acae8c-ec6a-4823-b1a2-8ea20cea56e7.gdn.poki.com/9ef51f5e-921b-41a6-a247-2d8d82951e63/LevelDevil_wasm.js:0
[  113471ms] [LOG] DOMToGLFWKeyCode keycode = 39 code = ArrowRight @ https://13acae8c-ec6a-4823-b1a2-8ea20cea56e7.gdn.poki.com/9ef51f5e-921b-41a6-a247-2d8d82951e63/LevelDevil_wasm.js:0
[  113486ms] [INFO] %cPOKI:%c PokiSDK.commercialBreak( background-color: green; border-radius: 3px; color: white; padding: 1px 5px  function _commercialBreakStartedCallback(){var msg=PokiSdk.COMMERCIAL_BREAK_START;getWasmTableEntry(PokiSdk._callback)(msg)} ) @ https://game-cdn.poki.com/scripts/460329bfef41a6d4fb73f6638b23a446bee97c21/poki-sdk-hoist-460329bfef41a6d4fb73f6638b23a446bee97c21.js:0
[  113489ms] [INFO] %cPOKI:%c commercialBreak too soon after previous one background-color: green; border-radius: 3px; color: white; padding: 1px 5px  @ https://game-cdn.poki.com/scripts/460329bfef41a6d4fb73f6638b23a446bee97c21/poki-sdk-playground-460329bfef41a6d4fb73f6638b23a446bee97c21.js:0
[  113503ms] [INFO] %cPOKI:%c PokiSDK.measure(level, 2-1-2, start, null) background-color: green; border-radius: 3px; color: white; padding: 1px 5px  @ https://game-cdn.poki.com/scripts/v2/poki-sdk.js:0
[  113637ms] [LOG] DOMToGLFWKeyCode keycode = 39 code = ArrowRight @ https://13acae8c-ec6a-4823-b1a2-8ea20cea56e7.gdn.poki.com/9ef51f5e-921b-41a6-a247-2d8d82951e63/LevelDevil_wasm.js:0
[  113653ms] [INFO] %cPOKI:%c PokiSDK.gameplayStart( background-color: green; border-radius: 3px; color: white; padding: 1px 5px   ) @ https://game-cdn.poki.com/scripts/460329bfef41a6d4fb73f6638b23a446bee97c21/poki-sdk-hoist-460329bfef41a6d4fb73f6638b23a446bee97c21.js:0
[  113736ms] [LOG] DOMToGLFWKeyCode keycode = 39 code = ArrowRight @ https://13acae8c-ec6a-4823-b1a2-8ea20cea56e7.gdn.poki.com/9ef51f5e-921b-41a6-a247-2d8d82951e63/LevelDevil_wasm.js:0
[  114079ms] [LOG] DOMToGLFWKeyCode keycode = 39 code = ArrowRight @ https://13acae8c-ec6a-4823-b1a2-8ea20cea56e7.gdn.poki.com/9ef51f5e-921b-41a6-a247-2d8d82951e63/LevelDevil_wasm.js:0
[  114579ms] [LOG] DOMToGLFWKeyCode keycode = 39 code = ArrowRight @ https://13acae8c-ec6a-4823-b1a2-8ea20cea56e7.gdn.poki.com/9ef51f5e-921b-41a6-a247-2d8d82951e63/LevelDevil_wasm.js:0
[  114662ms] [LOG] DOMToGLFWKeyCode keycode = 39 code = ArrowRight @ https://13acae8c-ec6a-4823-b1a2-8ea20cea56e7.gdn.poki.com/9ef51f5e-921b-41a6-a247-2d8d82951e63/LevelDevil_wasm.js:0
[  114745ms] [LOG] DOMToGLFWKeyCode keycode = 39 code = ArrowRight @ https://13acae8c-ec6a-4823-b1a2-8ea20cea56e7.gdn.poki.com/9ef51f5e-921b-41a6-a247-2d8d82951e63/LevelDevil_wasm.js:0
[  114829ms] [LOG] DOMToGLFWKeyCode keycode = 39 code = ArrowRight @ https://13acae8c-ec6a-4823-b1a2-8ea20cea56e7.gdn.poki.com/9ef51f5e-921b-41a6-a247-2d8d82951e63/LevelDevil_wasm.js:0
[  114912ms] [LOG] DOMToGLFWKeyCode keycode = 39 code = ArrowRight @ https://13acae8c-ec6a-4823-b1a2-8ea20cea56e7.gdn.poki.com/9ef51f5e-921b-41a6-a247-2d8d82951e63/LevelDevil_wasm.js:0
[  114996ms] [LOG] DOMToGLFWKeyCode keycode = 39 code = ArrowRight @ https://13acae8c-ec6a-4823-b1a2-8ea20cea56e7.gdn.poki.com/9ef51f5e-921b-41a6-a247-2d8d82951e63/LevelDevil_wasm.js:0
[  115079ms] [LOG] DOMToGLFWKeyCode keycode = 39 code = ArrowRight @ https://13acae8c-ec6a-4823-b1a2-8ea20cea56e7.gdn.poki.com/9ef51f5e-921b-41a6-a247-2d8d82951e63/LevelDevil_wasm.js:0
[  115162ms] [LOG] DOMToGLFWKeyCode keycode = 39 code = ArrowRight @ https://13acae8c-ec6a-4823-b1a2-8ea20cea56e7.gdn.poki.com/9ef51f5e-921b-41a6-a247-2d8d82951e63/LevelDevil_wasm.js:0
[  115246ms] [LOG] DOMToGLFWKeyCode keycode = 39 code = ArrowRight @ https://13acae8c-ec6a-4823-b1a2-8ea20cea56e7.gdn.poki.com/9ef51f5e-921b-41a6-a247-2d8d82951e63/LevelDevil_wasm.js:0
[  115329ms] [LOG] DOMToGLFWKeyCode keycode = 39 code = ArrowRight @ https://13acae8c-ec6a-4823-b1a2-8ea20cea56e7.gdn.poki.com/9ef51f5e-921b-41a6-a247-2d8d82951e63/LevelDevil_wasm.js:0
[  115412ms] [LOG] DOMToGLFWKeyCode keycode = 39 code = ArrowRight @ https://13acae8c-ec6a-4823-b1a2-8ea20cea56e7.gdn.poki.com/9ef51f5e-921b-41a6-a247-2d8d82951e63/LevelDevil_wasm.js:0
[  115496ms] [LOG] DOMToGLFWKeyCode keycode = 39 code = ArrowRight @ https://13acae8c-ec6a-4823-b1a2-8ea20cea56e7.gdn.poki.com/9ef51f5e-921b-41a6-a247-2d8d82951e63/LevelDevil_wasm.js:0
[  115507ms] [LOG] DOMToGLFWKeyCode keycode = 39 code = ArrowRight @ https://13acae8c-ec6a-4823-b1a2-8ea20cea56e7.gdn.poki.com/9ef51f5e-921b-41a6-a247-2d8d82951e63/LevelDevil_wasm.js:0
[  116062ms] [LOG] DOMToGLFWKeyCode keycode = 37 code = ArrowLeft @ https://13acae8c-ec6a-4823-b1a2-8ea20cea56e7.gdn.poki.com/9ef51f5e-921b-41a6-a247-2d8d82951e63/LevelDevil_wasm.js:0
[  116182ms] [LOG] DOMToGLFWKeyCode keycode = 37 code = ArrowLeft @ https://13acae8c-ec6a-4823-b1a2-8ea20cea56e7.gdn.poki.com/9ef51f5e-921b-41a6-a247-2d8d82951e63/LevelDevil_wasm.js:0
[  116437ms] [LOG] DOMToGLFWKeyCode keycode = 37 code = ArrowLeft @ https://13acae8c-ec6a-4823-b1a2-8ea20cea56e7.gdn.poki.com/9ef51f5e-921b-41a6-a247-2d8d82951e63/LevelDevil_wasm.js:0
[  116496ms] [LOG] DOMToGLFWKeyCode keycode = 37 code = ArrowLeft @ https://13acae8c-ec6a-4823-b1a2-8ea20cea56e7.gdn.poki.com/9ef51f5e-921b-41a6-a247-2d8d82951e63/LevelDevil_wasm.js:0
[  116553ms] [INFO] %cPOKI:%c PokiSDK.gameplayStop( background-color: green; border-radius: 3px; color: white; padding: 1px 5px   ) @ https://game-cdn.poki.com/scripts/460329bfef41a6d4fb73f6638b23a446bee97c21/poki-sdk-hoist-460329bfef41a6d4fb73f6638b23a446bee97c21.js:0
[  116554ms] [INFO] %cPOKI:%c PokiSDK.measure(level, 2-1-2, fail, {"pos_xy":"273.59772086258_144.32382396941"}) background-color: green; border-radius: 3px; color: white; padding: 1px 5px  @ https://game-cdn.poki.com/scripts/v2/poki-sdk.js:0
[  117124ms] [LOG] DOMToGLFWKeyCode keycode = 37 code = ArrowLeft @ https://13acae8c-ec6a-4823-b1a2-8ea20cea56e7.gdn.poki.com/9ef51f5e-921b-41a6-a247-2d8d82951e63/LevelDevil_wasm.js:0
[  117240ms] [LOG] DOMToGLFWKeyCode keycode = 37 code = ArrowLeft @ https://13acae8c-ec6a-4823-b1a2-8ea20cea56e7.gdn.poki.com/9ef51f5e-921b-41a6-a247-2d8d82951e63/LevelDevil_wasm.js:0
[  117503ms] [LOG] DOMToGLFWKeyCode keycode = 39 code = ArrowRight @ https://13acae8c-ec6a-4823-b1a2-8ea20cea56e7.gdn.poki.com/9ef51f5e-921b-41a6-a247-2d8d82951e63/LevelDevil_wasm.js:0
[  117759ms] [LOG] DOMToGLFWKeyCode keycode = 39 code = ArrowRight @ https://13acae8c-ec6a-4823-b1a2-8ea20cea56e7.gdn.poki.com/9ef51f5e-921b-41a6-a247-2d8d82951e63/LevelDevil_wasm.js:0
[  117770ms] [INFO] %cPOKI:%c PokiSDK.commercialBreak( background-color: green; border-radius: 3px; color: white; padding: 1px 5px  function _commercialBreakStartedCallback(){var msg=PokiSdk.COMMERCIAL_BREAK_START;getWasmTableEntry(PokiSdk._callback)(msg)} ) @ https://game-cdn.poki.com/scripts/460329bfef41a6d4fb73f6638b23a446bee97c21/poki-sdk-hoist-460329bfef41a6d4fb73f6638b23a446bee97c21.js:0
[  117772ms] [INFO] %cPOKI:%c commercialBreak too soon after previous one background-color: green; border-radius: 3px; color: white; padding: 1px 5px  @ https://game-cdn.poki.com/scripts/460329bfef41a6d4fb73f6638b23a446bee97c21/poki-sdk-playground-460329bfef41a6d4fb73f6638b23a446bee97c21.js:0
[  117787ms] [INFO] %cPOKI:%c PokiSDK.measure(level, 2-1-2, start, null) background-color: green; border-radius: 3px; color: white; padding: 1px 5px  @ https://game-cdn.poki.com/scripts/v2/poki-sdk.js:0
[  117863ms] [LOG] DOMToGLFWKeyCode keycode = 39 code = ArrowRight @ https://13acae8c-ec6a-4823-b1a2-8ea20cea56e7.gdn.poki.com/9ef51f5e-921b-41a6-a247-2d8d82951e63/LevelDevil_wasm.js:0
[  117870ms] [INFO] %cPOKI:%c PokiSDK.gameplayStart( background-color: green; border-radius: 3px; color: white; padding: 1px 5px   ) @ https://game-cdn.poki.com/scripts/460329bfef41a6d4fb73f6638b23a446bee97c21/poki-sdk-hoist-460329bfef41a6d4fb73f6638b23a446bee97c21.js:0
[  118363ms] [LOG] DOMToGLFWKeyCode keycode = 39 code = ArrowRight @ https://13acae8c-ec6a-4823-b1a2-8ea20cea56e7.gdn.poki.com/9ef51f5e-921b-41a6-a247-2d8d82951e63/LevelDevil_wasm.js:0
[  118447ms] [LOG] DOMToGLFWKeyCode keycode = 39 code = ArrowRight @ https://13acae8c-ec6a-4823-b1a2-8ea20cea56e7.gdn.poki.com/9ef51f5e-921b-41a6-a247-2d8d82951e63/LevelDevil_wasm.js:0
[  118530ms] [LOG] DOMToGLFWKeyCode keycode = 39 code = ArrowRight @ https://13acae8c-ec6a-4823-b1a2-8ea20cea56e7.gdn.poki.com/9ef51f5e-921b-41a6-a247-2d8d82951e63/LevelDevil_wasm.js:0
[  118616ms] [LOG] DOMToGLFWKeyCode keycode = 39 code = ArrowRight @ https://13acae8c-ec6a-4823-b1a2-8ea20cea56e7.gdn.poki.com/9ef51f5e-921b-41a6-a247-2d8d82951e63/LevelDevil_wasm.js:0
[  118697ms] [LOG] DOMToGLFWKeyCode keycode = 39 code = ArrowRight @ https://13acae8c-ec6a-4823-b1a2-8ea20cea56e7.gdn.poki.com/9ef51f5e-921b-41a6-a247-2d8d82951e63/LevelDevil_wasm.js:0
[  118782ms] [LOG] DOMToGLFWKeyCode keycode = 39 code = ArrowRight @ https://13acae8c-ec6a-4823-b1a2-8ea20cea56e7.gdn.poki.com/9ef51f5e-921b-41a6-a247-2d8d82951e63/LevelDevil_wasm.js:0
[  118866ms] [LOG] DOMToGLFWKeyCode keycode = 39 code = ArrowRight @ https://13acae8c-ec6a-4823-b1a2-8ea20cea56e7.gdn.poki.com/9ef51f5e-921b-41a6-a247-2d8d82951e63/LevelDevil_wasm.js:0
[  118949ms] [LOG] DOMToGLFWKeyCode keycode = 39 code = ArrowRight @ https://13acae8c-ec6a-4823-b1a2-8ea20cea56e7.gdn.poki.com/9ef51f5e-921b-41a6-a247-2d8d82951e63/LevelDevil_wasm.js:0
[  119032ms] [LOG] DOMToGLFWKeyCode keycode = 39 code = ArrowRight @ https://13acae8c-ec6a-4823-b1a2-8ea20cea56e7.gdn.poki.com/9ef51f5e-921b-41a6-a247-2d8d82951e63/LevelDevil_wasm.js:0
[  119116ms] [LOG] DOMToGLFWKeyCode keycode = 39 code = ArrowRight @ https://13acae8c-ec6a-4823-b1a2-8ea20cea56e7.gdn.poki.com/9ef51f5e-921b-41a6-a247-2d8d82951e63/LevelDevil_wasm.js:0
[  119199ms] [LOG] DOMToGLFWKeyCode keycode = 39 code = ArrowRight @ https://13acae8c-ec6a-4823-b1a2-8ea20cea56e7.gdn.poki.com/9ef51f5e-921b-41a6-a247-2d8d82951e63/LevelDevil_wasm.js:0
[  119283ms] [LOG] DOMToGLFWKeyCode keycode = 39 code = ArrowRight @ https://13acae8c-ec6a-4823-b1a2-8ea20cea56e7.gdn.poki.com/9ef51f5e-921b-41a6-a247-2d8d82951e63/LevelDevil_wasm.js:0
[  119369ms] [LOG] DOMToGLFWKeyCode keycode = 39 code = ArrowRight @ https://13acae8c-ec6a-4823-b1a2-8ea20cea56e7.gdn.poki.com/9ef51f5e-921b-41a6-a247-2d8d82951e63/LevelDevil_wasm.js:0
[  119452ms] [LOG] DOMToGLFWKeyCode keycode = 39 code = ArrowRight @ https://13acae8c-ec6a-4823-b1a2-8ea20cea56e7.gdn.poki.com/9ef51f5e-921b-41a6-a247-2d8d82951e63/LevelDevil_wasm.js:0
[  119537ms] [LOG] DOMToGLFWKeyCode keycode = 39 code = ArrowRight @ https://13acae8c-ec6a-4823-b1a2-8ea20cea56e7.gdn.poki.com/9ef51f5e-921b-41a6-a247-2d8d82951e63/LevelDevil_wasm.js:0
[  119619ms] [LOG] DOMToGLFWKeyCode keycode = 39 code = ArrowRight @ https://13acae8c-ec6a-4823-b1a2-8ea20cea56e7.gdn.poki.com/9ef51f5e-921b-41a6-a247-2d8d82951e63/LevelDevil_wasm.js:0
[  119670ms] [LOG] DOMToGLFWKeyCode keycode = 39 code = ArrowRight @ https://13acae8c-ec6a-4823-b1a2-8ea20cea56e7.gdn.poki.com/9ef51f5e-921b-41a6-a247-2d8d82951e63/LevelDevil_wasm.js:0
[  119885ms] [LOG] DOMToGLFWKeyCode keycode = 37 code = ArrowLeft @ https://13acae8c-ec6a-4823-b1a2-8ea20cea56e7.gdn.poki.com/9ef51f5e-921b-41a6-a247-2d8d82951e63/LevelDevil_wasm.js:0
[  120382ms] [LOG] DOMToGLFWKeyCode keycode = 37 code = ArrowLeft @ https://13acae8c-ec6a-4823-b1a2-8ea20cea56e7.gdn.poki.com/9ef51f5e-921b-41a6-a247-2d8d82951e63/LevelDevil_wasm.js:0
[  120459ms] [LOG] DOMToGLFWKeyCode keycode = 37 code = ArrowLeft @ https://13acae8c-ec6a-4823-b1a2-8ea20cea56e7.gdn.poki.com/9ef51f5e-921b-41a6-a247-2d8d82951e63/LevelDevil_wasm.js:0
[  123025ms] [LOG] DOMToGLFWKeyCode keycode = 39 code = ArrowRight @ https://13acae8c-ec6a-4823-b1a2-8ea20cea56e7.gdn.poki.com/9ef51f5e-921b-41a6-a247-2d8d82951e63/LevelDevil_wasm.js:0
[  123525ms] [LOG] DOMToGLFWKeyCode keycode = 39 code = ArrowRight @ https://13acae8c-ec6a-4823-b1a2-8ea20cea56e7.gdn.poki.com/9ef51f5e-921b-41a6-a247-2d8d82951e63/LevelDevil_wasm.js:0
[  123610ms] [LOG] DOMToGLFWKeyCode keycode = 39 code = ArrowRight @ https://13acae8c-ec6a-4823-b1a2-8ea20cea56e7.gdn.poki.com/9ef51f5e-921b-41a6-a247-2d8d82951e63/LevelDevil_wasm.js:0
[  123693ms] [LOG] DOMToGLFWKeyCode keycode = 39 code = ArrowRight @ https://13acae8c-ec6a-4823-b1a2-8ea20cea56e7.gdn.poki.com/9ef51f5e-921b-41a6-a247-2d8d82951e63/LevelDevil_wasm.js:0
[  123776ms] [LOG] DOMToGLFWKeyCode keycode = 39 code = ArrowRight @ https://13acae8c-ec6a-4823-b1a2-8ea20cea56e7.gdn.poki.com/9ef51f5e-921b-41a6-a247-2d8d82951e63/LevelDevil_wasm.js:0
[  123860ms] [LOG] DOMToGLFWKeyCode keycode = 39 code = ArrowRight @ https://13acae8c-ec6a-4823-b1a2-8ea20cea56e7.gdn.poki.com/9ef51f5e-921b-41a6-a247-2d8d82951e63/LevelDevil_wasm.js:0
[  123943ms] [LOG] DOMToGLFWKeyCode keycode = 39 code = ArrowRight @ https://13acae8c-ec6a-4823-b1a2-8ea20cea56e7.gdn.poki.com/9ef51f5e-921b-41a6-a247-2d8d82951e63/LevelDevil_wasm.js:0
[  124027ms] [LOG] DOMToGLFWKeyCode keycode = 39 code = ArrowRight @ https://13acae8c-ec6a-4823-b1a2-8ea20cea56e7.gdn.poki.com/9ef51f5e-921b-41a6-a247-2d8d82951e63/LevelDevil_wasm.js:0
[  124110ms] [LOG] DOMToGLFWKeyCode keycode = 39 code = ArrowRight @ https://13acae8c-ec6a-4823-b1a2-8ea20cea56e7.gdn.poki.com/9ef51f5e-921b-41a6-a247-2d8d82951e63/LevelDevil_wasm.js:0
[  124194ms] [LOG] DOMToGLFWKeyCode keycode = 39 code = ArrowRight @ https://13acae8c-ec6a-4823-b1a2-8ea20cea56e7.gdn.poki.com/9ef51f5e-921b-41a6-a247-2d8d82951e63/LevelDevil_wasm.js:0
[  124278ms] [LOG] DOMToGLFWKeyCode keycode = 39 code = ArrowRight @ https://13acae8c-ec6a-4823-b1a2-8ea20cea56e7.gdn.poki.com/9ef51f5e-921b-41a6-a247-2d8d82951e63/LevelDevil_wasm.js:0
[  124362ms] [LOG] DOMToGLFWKeyCode keycode = 39 code = ArrowRight @ https://13acae8c-ec6a-4823-b1a2-8ea20cea56e7.gdn.poki.com/9ef51f5e-921b-41a6-a247-2d8d82951e63/LevelDevil_wasm.js:0
[  124445ms] [LOG] DOMToGLFWKeyCode keycode = 39 code = ArrowRight @ https://13acae8c-ec6a-4823-b1a2-8ea20cea56e7.gdn.poki.com/9ef51f5e-921b-41a6-a247-2d8d82951e63/LevelDevil_wasm.js:0
[  124529ms] [LOG] DOMToGLFWKeyCode keycode = 39 code = ArrowRight @ https://13acae8c-ec6a-4823-b1a2-8ea20cea56e7.gdn.poki.com/9ef51f5e-921b-41a6-a247-2d8d82951e63/LevelDevil_wasm.js:0
[  124613ms] [LOG] DOMToGLFWKeyCode keycode = 39 code = ArrowRight @ https://13acae8c-ec6a-4823-b1a2-8ea20cea56e7.gdn.poki.com/9ef51f5e-921b-41a6-a247-2d8d82951e63/LevelDevil_wasm.js:0
[  124695ms] [LOG] DOMToGLFWKeyCode keycode = 39 code = ArrowRight @ https://13acae8c-ec6a-4823-b1a2-8ea20cea56e7.gdn.poki.com/9ef51f5e-921b-41a6-a247-2d8d82951e63/LevelDevil_wasm.js:0
[  124720ms] [INFO] %cPOKI:%c PokiSDK.gameplayStop( background-color: green; border-radius: 3px; color: white; padding: 1px 5px   ) @ https://game-cdn.poki.com/scripts/460329bfef41a6d4fb73f6638b23a446bee97c21/poki-sdk-hoist-460329bfef41a6d4fb73f6638b23a446bee97c21.js:0
[  124721ms] [INFO] %cPOKI:%c PokiSDK.measure(level, 2-1-2, fail, {"pos_xy":"517.05453812449_144.32382396941"}) background-color: green; border-radius: 3px; color: white; padding: 1px 5px  @ https://game-cdn.poki.com/scripts/v2/poki-sdk.js:0
[  124779ms] [LOG] DOMToGLFWKeyCode keycode = 39 code = ArrowRight @ https://13acae8c-ec6a-4823-b1a2-8ea20cea56e7.gdn.poki.com/9ef51f5e-921b-41a6-a247-2d8d82951e63/LevelDevil_wasm.js:0
[  124862ms] [LOG] DOMToGLFWKeyCode keycode = 39 code = ArrowRight @ https://13acae8c-ec6a-4823-b1a2-8ea20cea56e7.gdn.poki.com/9ef51f5e-921b-41a6-a247-2d8d82951e63/LevelDevil_wasm.js:0
[  124946ms] [LOG] DOMToGLFWKeyCode keycode = 39 code = ArrowRight @ https://13acae8c-ec6a-4823-b1a2-8ea20cea56e7.gdn.poki.com/9ef51f5e-921b-41a6-a247-2d8d82951e63/LevelDevil_wasm.js:0
[  125029ms] [LOG] DOMToGLFWKeyCode keycode = 39 code = ArrowRight @ https://13acae8c-ec6a-4823-b1a2-8ea20cea56e7.gdn.poki.com/9ef51f5e-921b-41a6-a247-2d8d82951e63/LevelDevil_wasm.js:0
[  125112ms] [LOG] DOMToGLFWKeyCode keycode = 39 code = ArrowRight @ https://13acae8c-ec6a-4823-b1a2-8ea20cea56e7.gdn.poki.com/9ef51f5e-921b-41a6-a247-2d8d82951e63/LevelDevil_wasm.js:0
[  125195ms] [LOG] DOMToGLFWKeyCode keycode = 39 code = ArrowRight @ https://13acae8c-ec6a-4823-b1a2-8ea20cea56e7.gdn.poki.com/9ef51f5e-921b-41a6-a247-2d8d82951e63/LevelDevil_wasm.js:0
[  125279ms] [LOG] DOMToGLFWKeyCode keycode = 39 code = ArrowRight @ https://13acae8c-ec6a-4823-b1a2-8ea20cea56e7.gdn.poki.com/9ef51f5e-921b-41a6-a247-2d8d82951e63/LevelDevil_wasm.js:0
[  125362ms] [LOG] DOMToGLFWKeyCode keycode = 39 code = ArrowRight @ https://13acae8c-ec6a-4823-b1a2-8ea20cea56e7.gdn.poki.com/9ef51f5e-921b-41a6-a247-2d8d82951e63/LevelDevil_wasm.js:0
[  125446ms] [LOG] DOMToGLFWKeyCode keycode = 39 code = ArrowRight @ https://13acae8c-ec6a-4823-b1a2-8ea20cea56e7.gdn.poki.com/9ef51f5e-921b-41a6-a247-2d8d82951e63/LevelDevil_wasm.js:0
[  125454ms] [LOG] DOMToGLFWKeyCode keycode = 39 code = ArrowRight @ https://13acae8c-ec6a-4823-b1a2-8ea20cea56e7.gdn.poki.com/9ef51f5e-921b-41a6-a247-2d8d82951e63/LevelDevil_wasm.js:0
[  125737ms] [LOG] DOMToGLFWKeyCode keycode = 39 code = ArrowRight @ https://13acae8c-ec6a-4823-b1a2-8ea20cea56e7.gdn.poki.com/9ef51f5e-921b-41a6-a247-2d8d82951e63/LevelDevil_wasm.js:0
[  125902ms] [LOG] DOMToGLFWKeyCode keycode = 39 code = ArrowRight @ https://13acae8c-ec6a-4823-b1a2-8ea20cea56e7.gdn.poki.com/9ef51f5e-921b-41a6-a247-2d8d82951e63/LevelDevil_wasm.js:0
[  125903ms] [INFO] %cPOKI:%c PokiSDK.commercialBreak( background-color: green; border-radius: 3px; color: white; padding: 1px 5px  function _commercialBreakStartedCallback(){var msg=PokiSdk.COMMERCIAL_BREAK_START;getWasmTableEntry(PokiSdk._callback)(msg)} ) @ https://game-cdn.poki.com/scripts/460329bfef41a6d4fb73f6638b23a446bee97c21/poki-sdk-hoist-460329bfef41a6d4fb73f6638b23a446bee97c21.js:0
[  125905ms] [INFO] %cPOKI:%c commercialBreak too soon after previous one background-color: green; border-radius: 3px; color: white; padding: 1px 5px  @ https://game-cdn.poki.com/scripts/460329bfef41a6d4fb73f6638b23a446bee97c21/poki-sdk-playground-460329bfef41a6d4fb73f6638b23a446bee97c21.js:0
[  125919ms] [INFO] %cPOKI:%c PokiSDK.measure(level, 2-1-2, start, null) background-color: green; border-radius: 3px; color: white; padding: 1px 5px  @ https://game-cdn.poki.com/scripts/v2/poki-sdk.js:0
[  126621ms] [LOG] DOMToGLFWKeyCode keycode = 39 code = ArrowRight @ https://13acae8c-ec6a-4823-b1a2-8ea20cea56e7.gdn.poki.com/9ef51f5e-921b-41a6-a247-2d8d82951e63/LevelDevil_wasm.js:0
[  126636ms] [INFO] %cPOKI:%c PokiSDK.gameplayStart( background-color: green; border-radius: 3px; color: white; padding: 1px 5px   ) @ https://game-cdn.poki.com/scripts/460329bfef41a6d4fb73f6638b23a446bee97c21/poki-sdk-hoist-460329bfef41a6d4fb73f6638b23a446bee97c21.js:0
[  127121ms] [LOG] DOMToGLFWKeyCode keycode = 39 code = ArrowRight @ https://13acae8c-ec6a-4823-b1a2-8ea20cea56e7.gdn.poki.com/9ef51f5e-921b-41a6-a247-2d8d82951e63/LevelDevil_wasm.js:0
[  127205ms] [LOG] DOMToGLFWKeyCode keycode = 39 code = ArrowRight @ https://13acae8c-ec6a-4823-b1a2-8ea20cea56e7.gdn.poki.com/9ef51f5e-921b-41a6-a247-2d8d82951e63/LevelDevil_wasm.js:0
[  127291ms] [LOG] DOMToGLFWKeyCode keycode = 39 code = ArrowRight @ https://13acae8c-ec6a-4823-b1a2-8ea20cea56e7.gdn.poki.com/9ef51f5e-921b-41a6-a247-2d8d82951e63/LevelDevil_wasm.js:0
[  127374ms] [LOG] DOMToGLFWKeyCode keycode = 39 code = ArrowRight @ https://13acae8c-ec6a-4823-b1a2-8ea20cea56e7.gdn.poki.com/9ef51f5e-921b-41a6-a247-2d8d82951e63/LevelDevil_wasm.js:0
[  127457ms] [LOG] DOMToGLFWKeyCode keycode = 39 code = ArrowRight @ https://13acae8c-ec6a-4823-b1a2-8ea20cea56e7.gdn.poki.com/9ef51f5e-921b-41a6-a247-2d8d82951e63/LevelDevil_wasm.js:0
[  127541ms] [LOG] DOMToGLFWKeyCode keycode = 39 code = ArrowRight @ https://13acae8c-ec6a-4823-b1a2-8ea20cea56e7.gdn.poki.com/9ef51f5e-921b-41a6-a247-2d8d82951e63/LevelDevil_wasm.js:0
[  127624ms] [LOG] DOMToGLFWKeyCode keycode = 39 code = ArrowRight @ https://13acae8c-ec6a-4823-b1a2-8ea20cea56e7.gdn.poki.com/9ef51f5e-921b-41a6-a247-2d8d82951e63/LevelDevil_wasm.js:0
[  127707ms] [LOG] DOMToGLFWKeyCode keycode = 39 code = ArrowRight @ https://13acae8c-ec6a-4823-b1a2-8ea20cea56e7.gdn.poki.com/9ef51f5e-921b-41a6-a247-2d8d82951e63/LevelDevil_wasm.js:0
[  127791ms] [LOG] DOMToGLFWKeyCode keycode = 39 code = ArrowRight @ https://13acae8c-ec6a-4823-b1a2-8ea20cea56e7.gdn.poki.com/9ef51f5e-921b-41a6-a247-2d8d82951e63/LevelDevil_wasm.js:0
[  127874ms] [LOG] DOMToGLFWKeyCode keycode = 39 code = ArrowRight @ https://13acae8c-ec6a-4823-b1a2-8ea20cea56e7.gdn.poki.com/9ef51f5e-921b-41a6-a247-2d8d82951e63/LevelDevil_wasm.js:0
[  127957ms] [LOG] DOMToGLFWKeyCode keycode = 39 code = ArrowRight @ https://13acae8c-ec6a-4823-b1a2-8ea20cea56e7.gdn.poki.com/9ef51f5e-921b-41a6-a247-2d8d82951e63/LevelDevil_wasm.js:0
[  128041ms] [LOG] DOMToGLFWKeyCode keycode = 39 code = ArrowRight @ https://13acae8c-ec6a-4823-b1a2-8ea20cea56e7.gdn.poki.com/9ef51f5e-921b-41a6-a247-2d8d82951e63/LevelDevil_wasm.js:0
[  128124ms] [LOG] DOMToGLFWKeyCode keycode = 39 code = ArrowRight @ https://13acae8c-ec6a-4823-b1a2-8ea20cea56e7.gdn.poki.com/9ef51f5e-921b-41a6-a247-2d8d82951e63/LevelDevil_wasm.js:0
[  128207ms] [LOG] DOMToGLFWKeyCode keycode = 39 code = ArrowRight @ https://13acae8c-ec6a-4823-b1a2-8ea20cea56e7.gdn.poki.com/9ef51f5e-921b-41a6-a247-2d8d82951e63/LevelDevil_wasm.js:0
[  128291ms] [LOG] DOMToGLFWKeyCode keycode = 39 code = ArrowRight @ https://13acae8c-ec6a-4823-b1a2-8ea20cea56e7.gdn.poki.com/9ef51f5e-921b-41a6-a247-2d8d82951e63/LevelDevil_wasm.js:0
[  128353ms] [LOG] DOMToGLFWKeyCode keycode = 37 code = ArrowLeft @ https://13acae8c-ec6a-4823-b1a2-8ea20cea56e7.gdn.poki.com/9ef51f5e-921b-41a6-a247-2d8d82951e63/LevelDevil_wasm.js:0
[  128385ms] [LOG] DOMToGLFWKeyCode keycode = 39 code = ArrowRight @ https://13acae8c-ec6a-4823-b1a2-8ea20cea56e7.gdn.poki.com/9ef51f5e-921b-41a6-a247-2d8d82951e63/LevelDevil_wasm.js:0
[  128853ms] [LOG] DOMToGLFWKeyCode keycode = 37 code = ArrowLeft @ https://13acae8c-ec6a-4823-b1a2-8ea20cea56e7.gdn.poki.com/9ef51f5e-921b-41a6-a247-2d8d82951e63/LevelDevil_wasm.js:0
[  128937ms] [LOG] DOMToGLFWKeyCode keycode = 37 code = ArrowLeft @ https://13acae8c-ec6a-4823-b1a2-8ea20cea56e7.gdn.poki.com/9ef51f5e-921b-41a6-a247-2d8d82951e63/LevelDevil_wasm.js:0
[  129020ms] [LOG] DOMToGLFWKeyCode keycode = 37 code = ArrowLeft @ https://13acae8c-ec6a-4823-b1a2-8ea20cea56e7.gdn.poki.com/9ef51f5e-921b-41a6-a247-2d8d82951e63/LevelDevil_wasm.js:0
[  129104ms] [LOG] DOMToGLFWKeyCode keycode = 37 code = ArrowLeft @ https://13acae8c-ec6a-4823-b1a2-8ea20cea56e7.gdn.poki.com/9ef51f5e-921b-41a6-a247-2d8d82951e63/LevelDevil_wasm.js:0
[  129188ms] [LOG] DOMToGLFWKeyCode keycode = 37 code = ArrowLeft @ https://13acae8c-ec6a-4823-b1a2-8ea20cea56e7.gdn.poki.com/9ef51f5e-921b-41a6-a247-2d8d82951e63/LevelDevil_wasm.js:0
[  129271ms] [LOG] DOMToGLFWKeyCode keycode = 37 code = ArrowLeft @ https://13acae8c-ec6a-4823-b1a2-8ea20cea56e7.gdn.poki.com/9ef51f5e-921b-41a6-a247-2d8d82951e63/LevelDevil_wasm.js:0
[  129354ms] [LOG] DOMToGLFWKeyCode keycode = 37 code = ArrowLeft @ https://13acae8c-ec6a-4823-b1a2-8ea20cea56e7.gdn.poki.com/9ef51f5e-921b-41a6-a247-2d8d82951e63/LevelDevil_wasm.js:0
[  129438ms] [LOG] DOMToGLFWKeyCode keycode = 37 code = ArrowLeft @ https://13acae8c-ec6a-4823-b1a2-8ea20cea56e7.gdn.poki.com/9ef51f5e-921b-41a6-a247-2d8d82951e63/LevelDevil_wasm.js:0
[  129521ms] [LOG] DOMToGLFWKeyCode keycode = 37 code = ArrowLeft @ https://13acae8c-ec6a-4823-b1a2-8ea20cea56e7.gdn.poki.com/9ef51f5e-921b-41a6-a247-2d8d82951e63/LevelDevil_wasm.js:0
[  129604ms] [LOG] DOMToGLFWKeyCode keycode = 37 code = ArrowLeft @ https://13acae8c-ec6a-4823-b1a2-8ea20cea56e7.gdn.poki.com/9ef51f5e-921b-41a6-a247-2d8d82951e63/LevelDevil_wasm.js:0
[  129688ms] [LOG] DOMToGLFWKeyCode keycode = 37 code = ArrowLeft @ https://13acae8c-ec6a-4823-b1a2-8ea20cea56e7.gdn.poki.com/9ef51f5e-921b-41a6-a247-2d8d82951e63/LevelDevil_wasm.js:0
[  129772ms] [LOG] DOMToGLFWKeyCode keycode = 37 code = ArrowLeft @ https://13acae8c-ec6a-4823-b1a2-8ea20cea56e7.gdn.poki.com/9ef51f5e-921b-41a6-a247-2d8d82951e63/LevelDevil_wasm.js:0
[  129855ms] [LOG] DOMToGLFWKeyCode keycode = 37 code = ArrowLeft @ https://13acae8c-ec6a-4823-b1a2-8ea20cea56e7.gdn.poki.com/9ef51f5e-921b-41a6-a247-2d8d82951e63/LevelDevil_wasm.js:0
[  129938ms] [LOG] DOMToGLFWKeyCode keycode = 37 code = ArrowLeft @ https://13acae8c-ec6a-4823-b1a2-8ea20cea56e7.gdn.poki.com/9ef51f5e-921b-41a6-a247-2d8d82951e63/LevelDevil_wasm.js:0
[  130021ms] [LOG] DOMToGLFWKeyCode keycode = 37 code = ArrowLeft @ https://13acae8c-ec6a-4823-b1a2-8ea20cea56e7.gdn.poki.com/9ef51f5e-921b-41a6-a247-2d8d82951e63/LevelDevil_wasm.js:0
[  130105ms] [LOG] DOMToGLFWKeyCode keycode = 37 code = ArrowLeft @ https://13acae8c-ec6a-4823-b1a2-8ea20cea56e7.gdn.poki.com/9ef51f5e-921b-41a6-a247-2d8d82951e63/LevelDevil_wasm.js:0
[  130188ms] [LOG] DOMToGLFWKeyCode keycode = 37 code = ArrowLeft @ https://13acae8c-ec6a-4823-b1a2-8ea20cea56e7.gdn.poki.com/9ef51f5e-921b-41a6-a247-2d8d82951e63/LevelDevil_wasm.js:0
[  130274ms] [LOG] DOMToGLFWKeyCode keycode = 37 code = ArrowLeft @ https://13acae8c-ec6a-4823-b1a2-8ea20cea56e7.gdn.poki.com/9ef51f5e-921b-41a6-a247-2d8d82951e63/LevelDevil_wasm.js:0
[  130357ms] [LOG] DOMToGLFWKeyCode keycode = 37 code = ArrowLeft @ https://13acae8c-ec6a-4823-b1a2-8ea20cea56e7.gdn.poki.com/9ef51f5e-921b-41a6-a247-2d8d82951e63/LevelDevil_wasm.js:0
[  130441ms] [LOG] DOMToGLFWKeyCode keycode = 37 code = ArrowLeft @ https://13acae8c-ec6a-4823-b1a2-8ea20cea56e7.gdn.poki.com/9ef51f5e-921b-41a6-a247-2d8d82951e63/LevelDevil_wasm.js:0
[  130524ms] [LOG] DOMToGLFWKeyCode keycode = 37 code = ArrowLeft @ https://13acae8c-ec6a-4823-b1a2-8ea20cea56e7.gdn.poki.com/9ef51f5e-921b-41a6-a247-2d8d82951e63/LevelDevil_wasm.js:0
[  130607ms] [LOG] DOMToGLFWKeyCode keycode = 37 code = ArrowLeft @ https://13acae8c-ec6a-4823-b1a2-8ea20cea56e7.gdn.poki.com/9ef51f5e-921b-41a6-a247-2d8d82951e63/LevelDevil_wasm.js:0
[  130691ms] [LOG] DOMToGLFWKeyCode keycode = 37 code = ArrowLeft @ https://13acae8c-ec6a-4823-b1a2-8ea20cea56e7.gdn.poki.com/9ef51f5e-921b-41a6-a247-2d8d82951e63/LevelDevil_wasm.js:0
[  130774ms] [LOG] DOMToGLFWKeyCode keycode = 37 code = ArrowLeft @ https://13acae8c-ec6a-4823-b1a2-8ea20cea56e7.gdn.poki.com/9ef51f5e-921b-41a6-a247-2d8d82951e63/LevelDevil_wasm.js:0
[  130793ms] [LOG] DOMToGLFWKeyCode keycode = 37 code = ArrowLeft @ https://13acae8c-ec6a-4823-b1a2-8ea20cea56e7.gdn.poki.com/9ef51f5e-921b-41a6-a247-2d8d82951e63/LevelDevil_wasm.js:0
[  130799ms] [LOG] DOMToGLFWKeyCode keycode = 39 code = ArrowRight @ https://13acae8c-ec6a-4823-b1a2-8ea20cea56e7.gdn.poki.com/9ef51f5e-921b-41a6-a247-2d8d82951e63/LevelDevil_wasm.js:0
[  131299ms] [LOG] DOMToGLFWKeyCode keycode = 39 code = ArrowRight @ https://13acae8c-ec6a-4823-b1a2-8ea20cea56e7.gdn.poki.com/9ef51f5e-921b-41a6-a247-2d8d82951e63/LevelDevil_wasm.js:0
[  131382ms] [LOG] DOMToGLFWKeyCode keycode = 39 code = ArrowRight @ https://13acae8c-ec6a-4823-b1a2-8ea20cea56e7.gdn.poki.com/9ef51f5e-921b-41a6-a247-2d8d82951e63/LevelDevil_wasm.js:0
[  131419ms] [LOG] DOMToGLFWKeyCode keycode = 39 code = ArrowRight @ https://13acae8c-ec6a-4823-b1a2-8ea20cea56e7.gdn.poki.com/9ef51f5e-921b-41a6-a247-2d8d82951e63/LevelDevil_wasm.js:0
[  131641ms] [LOG] DOMToGLFWKeyCode keycode = 39 code = ArrowRight @ https://13acae8c-ec6a-4823-b1a2-8ea20cea56e7.gdn.poki.com/9ef51f5e-921b-41a6-a247-2d8d82951e63/LevelDevil_wasm.js:0
[  132115ms] [LOG] DOMToGLFWKeyCode keycode = 39 code = ArrowRight @ https://13acae8c-ec6a-4823-b1a2-8ea20cea56e7.gdn.poki.com/9ef51f5e-921b-41a6-a247-2d8d82951e63/LevelDevil_wasm.js:0
[  132224ms] [LOG] DOMToGLFWKeyCode keycode = 37 code = ArrowLeft @ https://13acae8c-ec6a-4823-b1a2-8ea20cea56e7.gdn.poki.com/9ef51f5e-921b-41a6-a247-2d8d82951e63/LevelDevil_wasm.js:0
[  132360ms] [LOG] DOMToGLFWKeyCode keycode = 37 code = ArrowLeft @ https://13acae8c-ec6a-4823-b1a2-8ea20cea56e7.gdn.poki.com/9ef51f5e-921b-41a6-a247-2d8d82951e63/LevelDevil_wasm.js:0
[  133157ms] [LOG] DOMToGLFWKeyCode keycode = 37 code = ArrowLeft @ https://13acae8c-ec6a-4823-b1a2-8ea20cea56e7.gdn.poki.com/9ef51f5e-921b-41a6-a247-2d8d82951e63/LevelDevil_wasm.js:0
[  133657ms] [LOG] DOMToGLFWKeyCode keycode = 37 code = ArrowLeft @ https://13acae8c-ec6a-4823-b1a2-8ea20cea56e7.gdn.poki.com/9ef51f5e-921b-41a6-a247-2d8d82951e63/LevelDevil_wasm.js:0
[  133740ms] [LOG] DOMToGLFWKeyCode keycode = 37 code = ArrowLeft @ https://13acae8c-ec6a-4823-b1a2-8ea20cea56e7.gdn.poki.com/9ef51f5e-921b-41a6-a247-2d8d82951e63/LevelDevil_wasm.js:0
[  133824ms] [LOG] DOMToGLFWKeyCode keycode = 37 code = ArrowLeft @ https://13acae8c-ec6a-4823-b1a2-8ea20cea56e7.gdn.poki.com/9ef51f5e-921b-41a6-a247-2d8d82951e63/LevelDevil_wasm.js:0
[  133832ms] [LOG] DOMToGLFWKeyCode keycode = 37 code = ArrowLeft @ https://13acae8c-ec6a-4823-b1a2-8ea20cea56e7.gdn.poki.com/9ef51f5e-921b-41a6-a247-2d8d82951e63/LevelDevil_wasm.js:0
[  133941ms] [LOG] DOMToGLFWKeyCode keycode = 39 code = ArrowRight @ https://13acae8c-ec6a-4823-b1a2-8ea20cea56e7.gdn.poki.com/9ef51f5e-921b-41a6-a247-2d8d82951e63/LevelDevil_wasm.js:0
[  134440ms] [LOG] DOMToGLFWKeyCode keycode = 39 code = ArrowRight @ https://13acae8c-ec6a-4823-b1a2-8ea20cea56e7.gdn.poki.com/9ef51f5e-921b-41a6-a247-2d8d82951e63/LevelDevil_wasm.js:0
[  134524ms] [LOG] DOMToGLFWKeyCode keycode = 39 code = ArrowRight @ https://13acae8c-ec6a-4823-b1a2-8ea20cea56e7.gdn.poki.com/9ef51f5e-921b-41a6-a247-2d8d82951e63/LevelDevil_wasm.js:0
[  134607ms] [LOG] DOMToGLFWKeyCode keycode = 39 code = ArrowRight @ https://13acae8c-ec6a-4823-b1a2-8ea20cea56e7.gdn.poki.com/9ef51f5e-921b-41a6-a247-2d8d82951e63/LevelDevil_wasm.js:0
[  134690ms] [LOG] DOMToGLFWKeyCode keycode = 39 code = ArrowRight @ https://13acae8c-ec6a-4823-b1a2-8ea20cea56e7.gdn.poki.com/9ef51f5e-921b-41a6-a247-2d8d82951e63/LevelDevil_wasm.js:0
[  134774ms] [LOG] DOMToGLFWKeyCode keycode = 39 code = ArrowRight @ https://13acae8c-ec6a-4823-b1a2-8ea20cea56e7.gdn.poki.com/9ef51f5e-921b-41a6-a247-2d8d82951e63/LevelDevil_wasm.js:0
[  134786ms] [LOG] DOMToGLFWKeyCode keycode = 39 code = ArrowRight @ https://13acae8c-ec6a-4823-b1a2-8ea20cea56e7.gdn.poki.com/9ef51f5e-921b-41a6-a247-2d8d82951e63/LevelDevil_wasm.js:0
[  135692ms] [LOG] DOMToGLFWKeyCode keycode = 39 code = ArrowRight @ https://13acae8c-ec6a-4823-b1a2-8ea20cea56e7.gdn.poki.com/9ef51f5e-921b-41a6-a247-2d8d82951e63/LevelDevil_wasm.js:0
[  136193ms] [LOG] DOMToGLFWKeyCode keycode = 39 code = ArrowRight @ https://13acae8c-ec6a-4823-b1a2-8ea20cea56e7.gdn.poki.com/9ef51f5e-921b-41a6-a247-2d8d82951e63/LevelDevil_wasm.js:0
[  136276ms] [LOG] DOMToGLFWKeyCode keycode = 39 code = ArrowRight @ https://13acae8c-ec6a-4823-b1a2-8ea20cea56e7.gdn.poki.com/9ef51f5e-921b-41a6-a247-2d8d82951e63/LevelDevil_wasm.js:0
[  136308ms] [LOG] DOMToGLFWKeyCode keycode = 39 code = ArrowRight @ https://13acae8c-ec6a-4823-b1a2-8ea20cea56e7.gdn.poki.com/9ef51f5e-921b-41a6-a247-2d8d82951e63/LevelDevil_wasm.js:0
[  136496ms] [LOG] DOMToGLFWKeyCode keycode = 37 code = ArrowLeft @ https://13acae8c-ec6a-4823-b1a2-8ea20cea56e7.gdn.poki.com/9ef51f5e-921b-41a6-a247-2d8d82951e63/LevelDevil_wasm.js:0
[  136768ms] [LOG] DOMToGLFWKeyCode keycode = 37 code = ArrowLeft @ https://13acae8c-ec6a-4823-b1a2-8ea20cea56e7.gdn.poki.com/9ef51f5e-921b-41a6-a247-2d8d82951e63/LevelDevil_wasm.js:0
[  137570ms] [INFO] %cPOKI:%c PokiSDK.gameplayStop( background-color: green; border-radius: 3px; color: white; padding: 1px 5px   ) @ https://game-cdn.poki.com/scripts/460329bfef41a6d4fb73f6638b23a446bee97c21/poki-sdk-hoist-460329bfef41a6d4fb73f6638b23a446bee97c21.js:0
[  137571ms] [INFO] %cPOKI:%c PokiSDK.measure(level, 2-1-2, fail, {"pos_xy":"280.09863405365_144.32382396941"}) background-color: green; border-radius: 3px; color: white; padding: 1px 5px  @ https://game-cdn.poki.com/scripts/v2/poki-sdk.js:0
[  137574ms] [ERROR] %cPOKI:%c Bot, IMA or Adblocker error background-color: red; border-radius: 3px; color: white; padding: 1px 5px  @ https://a.poki-cdn.com/ay/client-v2_fd398e0df0a7a854269de40c2618f8c80812d2d1.js:16
[  137575ms] [ERROR] %cPOKI:%c Bot, IMA or Adblocker error background-color: red; border-radius: 3px; color: white; padding: 1px 5px  @ https://a.poki-cdn.com/ay/client-v2_fd398e0df0a7a854269de40c2618f8c80812d2d1.js:16
[  137575ms] [ERROR] %cPOKI:%c Bot, IMA or Adblocker error background-color: red; border-radius: 3px; color: white; padding: 1px 5px  @ https://a.poki-cdn.com/ay/client-v2_fd398e0df0a7a854269de40c2618f8c80812d2d1.js:16
[  143404ms] [ERROR] %cPOKI:%c PokiSDK.destroyAd() called on a container without ad font-weight: bold  @ https://a.poki-cdn.com/ay/client-v2_fd398e0df0a7a854269de40c2618f8c80812d2d1.js:16
[  143404ms] [ERROR] %cPOKI:%c PokiSDK.destroyAd() called on a container without ad font-weight: bold  @ https://a.poki-cdn.com/ay/client-v2_fd398e0df0a7a854269de40c2618f8c80812d2d1.js:16
[  143405ms] [ERROR] %cPOKI:%c PokiSDK.destroyAd() called on a container without ad font-weight: bold  @ https://a.poki-cdn.com/ay/client-v2_fd398e0df0a7a854269de40c2618f8c80812d2d1.js:16
[  144140ms] [ERROR] %cPOKI:%c Bot, IMA or Adblocker error background-color: red; border-radius: 3px; color: white; padding: 1px 5px  @ https://a.poki-cdn.com/ay/client-v2_fd398e0df0a7a854269de40c2618f8c80812d2d1.js:16
[  144140ms] [ERROR] %cPOKI:%c Bot, IMA or Adblocker error background-color: red; border-radius: 3px; color: white; padding: 1px 5px  @ https://a.poki-cdn.com/ay/client-v2_fd398e0df0a7a854269de40c2618f8c80812d2d1.js:16
[  144140ms] [ERROR] %cPOKI:%c Bot, IMA or Adblocker error background-color: red; border-radius: 3px; color: white; padding: 1px 5px  @ https://a.poki-cdn.com/ay/client-v2_fd398e0df0a7a854269de40c2618f8c80812d2d1.js:16
[  144141ms] [WARNING] Handler scope is deprecated. Use arrow function or bind. @ https://a.poki-cdn.com/ay/client-v2_fd398e0df0a7a854269de40c2618f8c80812d2d1.js:16
[  144141ms] [WARNING] Handler scope is deprecated. Use arrow function or bind. @ https://a.poki-cdn.com/ay/client-v2_fd398e0df0a7a854269de40c2618f8c80812d2d1.js:16
[  151322ms] [ERROR] Failed to load resource: net::ERR_CONNECTION_REFUSED @ https://s0.2mdn.net/instream/video/client.js:0
[  151801ms] [INFO] Slow network is detected. See https://www.chromestatus.com/feature/5636954674692096 for more details. Fallback font will be used while loading: https://2c101259-ee2b-462b-b199-e2ddb71e7bc2.gdn.poki.com/1935747a-d670-4372-850f-e401a19505af/assets/SofiaSansSemiCondensed-Medium-B0Uc7H1i.ttf @ https://2c101259-ee2b-462b-b199-e2ddb71e7bc2.gdn.poki.com/1935747a-d670-4372-850f-e401a19505af/index.html?country=US&ccpaApplies=0&url_referrer=https%3A%2F%2Fpoki.com%2F&tag=pg-84d6b0b8d0e43705e577d8977ab516d349d613af&site_id=3&iso_lang=en&poki_url=https%3A%2F%2Fpoki.com%2Fen%2Fg%2Fcryzen-io&hoist=yes&nonPersonalized=n&cloudsavegames=n&familyFriendly=n&device=desktop&categories=3%2C65%2C76%2C77%2C93%2C242%2C385%2C929%2C1120%2C1140%2C1190&game_id=2c101259-ee2b-462b-b199-e2ddb71e7bc2&game_version_id=1935747a-d670-4372-850f-e401a19505af&inspector=0&csp=1:0
[  154015ms] [ERROR] %cPOKI:%c PokiSDK.destroyAd() called on a container without ad font-weight: bold  @ https://a.poki-cdn.com/ay/client-v2_fd398e0df0a7a854269de40c2618f8c80812d2d1.js:16
[  154015ms] [ERROR] %cPOKI:%c PokiSDK.destroyAd() called on a container without ad font-weight: bold  @ https://a.poki-cdn.com/ay/client-v2_fd398e0df0a7a854269de40c2618f8c80812d2d1.js:16
[  154016ms] [ERROR] %cPOKI:%c PokiSDK.destroyAd() called on a container without ad font-weight: bold  @ https://a.poki-cdn.com/ay/client-v2_fd398e0df0a7a854269de40c2618f8c80812d2d1.js:16
[  154447ms] [ERROR] %cPOKI:%c Bot, IMA or Adblocker error background-color: red; border-radius: 3px; color: white; padding: 1px 5px  @ https://a.poki-cdn.com/ay/client-v2_fd398e0df0a7a854269de40c2618f8c80812d2d1.js:16
[  154447ms] [ERROR] %cPOKI:%c Bot, IMA or Adblocker error background-color: red; border-radius: 3px; color: white; padding: 1px 5px  @ https://a.poki-cdn.com/ay/client-v2_fd398e0df0a7a854269de40c2618f8c80812d2d1.js:16
[  154448ms] [ERROR] %cPOKI:%c Bot, IMA or Adblocker error background-color: red; border-radius: 3px; color: white; padding: 1px 5px  @ https://a.poki-cdn.com/ay/client-v2_fd398e0df0a7a854269de40c2618f8c80812d2d1.js:16
[  154449ms] [WARNING] Handler scope is deprecated. Use arrow function or bind. @ https://a.poki-cdn.com/ay/client-v2_fd398e0df0a7a854269de40c2618f8c80812d2d1.js:16
[  154449ms] [WARNING] Handler scope is deprecated. Use arrow function or bind. @ https://a.poki-cdn.com/ay/client-v2_fd398e0df0a7a854269de40c2618f8c80812d2d1.js:16
[  155398ms] [ERROR] %cPOKI:%c PokiSDK.destroyAd() called on a container without ad font-weight: bold  @ https://a.poki-cdn.com/ay/client-v2_fd398e0df0a7a854269de40c2618f8c80812d2d1.js:16
[  155399ms] [ERROR] %cPOKI:%c PokiSDK.destroyAd() called on a container without ad font-weight: bold  @ https://a.poki-cdn.com/ay/client-v2_fd398e0df0a7a854269de40c2618f8c80812d2d1.js:16
[  155399ms] [ERROR] %cPOKI:%c PokiSDK.destroyAd() called on a container without ad font-weight: bold  @ https://a.poki-cdn.com/ay/client-v2_fd398e0df0a7a854269de40c2618f8c80812d2d1.js:16
[  156299ms] [ERROR] %cPOKI:%c Bot, IMA or Adblocker error background-color: red; border-radius: 3px; color: white; padding: 1px 5px  @ https://a.poki-cdn.com/ay/client-v2_fd398e0df0a7a854269de40c2618f8c80812d2d1.js:16
[  156299ms] [ERROR] %cPOKI:%c Bot, IMA or Adblocker error background-color: red; border-radius: 3px; color: white; padding: 1px 5px  @ https://a.poki-cdn.com/ay/client-v2_fd398e0df0a7a854269de40c2618f8c80812d2d1.js:16
[  156300ms] [ERROR] %cPOKI:%c Bot, IMA or Adblocker error background-color: red; border-radius: 3px; color: white; padding: 1px 5px  @ https://a.poki-cdn.com/ay/client-v2_fd398e0df0a7a854269de40c2618f8c80812d2d1.js:16
[  156301ms] [WARNING] Handler scope is deprecated. Use arrow function or bind. @ https://a.poki-cdn.com/ay/client-v2_fd398e0df0a7a854269de40c2618f8c80812d2d1.js:16
[  156301ms] [WARNING] Handler scope is deprecated. Use arrow function or bind. @ https://a.poki-cdn.com/ay/client-v2_fd398e0df0a7a854269de40c2618f8c80812d2d1.js:16
[  156633ms] [ERROR] %cPOKI:%c PokiSDK.destroyAd() called on a container without ad font-weight: bold  @ https://a.poki-cdn.com/ay/client-v2_fd398e0df0a7a854269de40c2618f8c80812d2d1.js:16
[  156633ms] [ERROR] %cPOKI:%c PokiSDK.destroyAd() called on a container without ad font-weight: bold  @ https://a.poki-cdn.com/ay/client-v2_fd398e0df0a7a854269de40c2618f8c80812d2d1.js:16
[  156633ms] [ERROR] %cPOKI:%c PokiSDK.destroyAd() called on a container without ad font-weight: bold  @ https://a.poki-cdn.com/ay/client-v2_fd398e0df0a7a854269de40c2618f8c80812d2d1.js:16
[  157223ms] [ERROR] %cPOKI:%c Bot, IMA or Adblocker error background-color: red; border-radius: 3px; color: white; padding: 1px 5px  @ https://a.poki-cdn.com/ay/client-v2_fd398e0df0a7a854269de40c2618f8c80812d2d1.js:16
[  157223ms] [ERROR] %cPOKI:%c Bot, IMA or Adblocker error background-color: red; border-radius: 3px; color: white; padding: 1px 5px  @ https://a.poki-cdn.com/ay/client-v2_fd398e0df0a7a854269de40c2618f8c80812d2d1.js:16
[  157223ms] [ERROR] %cPOKI:%c Bot, IMA or Adblocker error background-color: red; border-radius: 3px; color: white; padding: 1px 5px  @ https://a.poki-cdn.com/ay/client-v2_fd398e0df0a7a854269de40c2618f8c80812d2d1.js:16
[  157224ms] [WARNING] Handler scope is deprecated. Use arrow function or bind. @ https://a.poki-cdn.com/ay/client-v2_fd398e0df0a7a854269de40c2618f8c80812d2d1.js:16
[  157225ms] [WARNING] Handler scope is deprecated. Use arrow function or bind. @ https://a.poki-cdn.com/ay/client-v2_fd398e0df0a7a854269de40c2618f8c80812d2d1.js:16
[  158677ms] [ERROR] Failed to load resource: net::ERR_CONNECTION_REFUSED @ https://s0.2mdn.net/instream/video/client.js:0
[  160528ms] [INFO] Slow network is detected. See https://www.chromestatus.com/feature/5636954674692096 for more details. Fallback font will be used while loading: https://6e463cfb-6658-4aec-b82a-a8e8d50f1719.gdn.poki.com/59f1df41-e978-4cfc-b798-dfe0b6a3c61e/fonts/Aero%20Matics%20Bold%20Italic.woff2 @ https://6e463cfb-6658-4aec-b82a-a8e8d50f1719.gdn.poki.com/59f1df41-e978-4cfc-b798-dfe0b6a3c61e/scripts/c3main.js:4
[  160528ms] [INFO] Slow network is detected. See https://www.chromestatus.com/feature/5636954674692096 for more details. Fallback font will be used while loading: https://6e463cfb-6658-4aec-b82a-a8e8d50f1719.gdn.poki.com/59f1df41-e978-4cfc-b798-dfe0b6a3c61e/fonts/Myriad%20Pro%20Bold%20Condensed.woff2 @ https://6e463cfb-6658-4aec-b82a-a8e8d50f1719.gdn.poki.com/59f1df41-e978-4cfc-b798-dfe0b6a3c61e/scripts/c3main.js:4
[  160528ms] [INFO] Slow network is detected. See https://www.chromestatus.com/feature/5636954674692096 for more details. Fallback font will be used while loading: https://6e463cfb-6658-4aec-b82a-a8e8d50f1719.gdn.poki.com/59f1df41-e978-4cfc-b798-dfe0b6a3c61e/fonts/atlanta-college.regular.woff2 @ https://6e463cfb-6658-4aec-b82a-a8e8d50f1719.gdn.poki.com/59f1df41-e978-4cfc-b798-dfe0b6a3c61e/scripts/c3main.js:4
[  160655ms] [INFO] %cPOKI:%c PokiSDK.measure(game, loading, start) background-color: green; border-radius: 3px; color: white; padding: 1px 5px  @ https://game-cdn.poki.com/scripts/v2/poki-sdk.js:0
[  160907ms] [INFO] %cMade with Construct, the game and animation creation tool. Visit: https://www.construct.net font-weight: bold @ https://6e463cfb-6658-4aec-b82a-a8e8d50f1719.gdn.poki.com/59f1df41-e978-4cfc-b798-dfe0b6a3c61e/scripts/c3main.js:4
[  160907ms] [INFO] [C3 runtime] Hosted in DOM, rendering with WebGL 2 [ANGLE (Apple, ANGLE Metal Renderer: Apple M4 Pro, Unspecified Version)] @ https://6e463cfb-6658-4aec-b82a-a8e8d50f1719.gdn.poki.com/59f1df41-e978-4cfc-b798-dfe0b6a3c61e/scripts/c3main.js:4
[  163302ms] [INFO] %cPOKI:%c PokiSDK.init( background-color: green; border-radius: 3px; color: white; padding: 1px 5px  {} ) @ https://game-cdn.poki.com/scripts/460329bfef41a6d4fb73f6638b23a446bee97c21/poki-sdk-hoist-460329bfef41a6d4fb73f6638b23a446bee97c21.js:0
[  163802ms] [INFO] %cPOKI:%c PokiSDK.setDebug( background-color: green; border-radius: 3px; color: white; padding: 1px 5px  false ) @ https://game-cdn.poki.com/scripts/460329bfef41a6d4fb73f6638b23a446bee97c21/poki-sdk-hoist-460329bfef41a6d4fb73f6638b23a446bee97c21.js:0
[  163816ms] [INFO] %cPOKI:%c PokiSDK.gameLoadingFinished( background-color: green; border-radius: 3px; color: white; padding: 1px 5px  ) @ https://game-cdn.poki.com/scripts/460329bfef41a6d4fb73f6638b23a446bee97c21/poki-sdk-hoist-460329bfef41a6d4fb73f6638b23a446bee97c21.js:0
[  163816ms] [INFO] %cPOKI:%c PokiSDK.measure(game, loading, complete) background-color: green; border-radius: 3px; color: white; padding: 1px 5px  @ https://game-cdn.poki.com/scripts/v2/poki-sdk.js:0
[  164094ms] [LOG] en-US @ https://6e463cfb-6658-4aec-b82a-a8e8d50f1719.gdn.poki.com/59f1df41-e978-4cfc-b798-dfe0b6a3c61e/scripts/c3main.js:4
[  164097ms] [LOG] LS not found @ https://6e463cfb-6658-4aec-b82a-a8e8d50f1719.gdn.poki.com/59f1df41-e978-4cfc-b798-dfe0b6a3c61e/scripts/c3main.js:4
[  164098ms] [LOG] LS Save @ https://6e463cfb-6658-4aec-b82a-a8e8d50f1719.gdn.poki.com/59f1df41-e978-4cfc-b798-dfe0b6a3c61e/scripts/c3main.js:4
[  168708ms] [LOG] User interaction detected for SDK @ https://6e463cfb-6658-4aec-b82a-a8e8d50f1719.gdn.poki.com/59f1df41-e978-4cfc-b798-dfe0b6a3c61e/scripts/main.js:5
[  170501ms] [INFO] %cPOKI:%c PokiSDK.gameplayStart( background-color: green; border-radius: 3px; color: white; padding: 1px 5px   ) @ https://game-cdn.poki.com/scripts/460329bfef41a6d4fb73f6638b23a446bee97c21/poki-sdk-hoist-460329bfef41a6d4fb73f6638b23a446bee97c21.js:0
[  171259ms] [ERROR] %cPOKI:%c PokiSDK.destroyAd() called on a container without ad font-weight: bold  @ https://a.poki-cdn.com/ay/client-v2_fd398e0df0a7a854269de40c2618f8c80812d2d1.js:16
[  171260ms] [ERROR] %cPOKI:%c Bot, IMA or Adblocker error background-color: red; border-radius: 3px; color: white; padding: 1px 5px  @ https://a.poki-cdn.com/ay/client-v2_fd398e0df0a7a854269de40c2618f8c80812d2d1.js:16
[  171260ms] [ERROR] %cPOKI:%c PokiSDK.destroyAd() called on a container without ad font-weight: bold  @ https://a.poki-cdn.com/ay/client-v2_fd398e0df0a7a854269de40c2618f8c80812d2d1.js:16
[  171260ms] [ERROR] %cPOKI:%c Bot, IMA or Adblocker error background-color: red; border-radius: 3px; color: white; padding: 1px 5px  @ https://a.poki-cdn.com/ay/client-v2_fd398e0df0a7a854269de40c2618f8c80812d2d1.js:16
[  171261ms] [ERROR] %cPOKI:%c PokiSDK.destroyAd() called on a container without ad font-weight: bold  @ https://a.poki-cdn.com/ay/client-v2_fd398e0df0a7a854269de40c2618f8c80812d2d1.js:16
[  171261ms] [ERROR] %cPOKI:%c Bot, IMA or Adblocker error background-color: red; border-radius: 3px; color: white; padding: 1px 5px  @ https://a.poki-cdn.com/ay/client-v2_fd398e0df0a7a854269de40c2618f8c80812d2d1.js:16
[  171262ms] [WARNING] Handler scope is deprecated. Use arrow function or bind. @ https://a.poki-cdn.com/ay/client-v2_fd398e0df0a7a854269de40c2618f8c80812d2d1.js:16
[  171262ms] [WARNING] Handler scope is deprecated. Use arrow function or bind. @ https://a.poki-cdn.com/ay/client-v2_fd398e0df0a7a854269de40c2618f8c80812d2d1.js:16
[  171815ms] [ERROR] Failed to load resource: net::ERR_CONNECTION_REFUSED @ https://s0.2mdn.net/instream/video/client.js:0
[  171838ms] [INFO] %cPOKI:%c PokiSDK.measure(game, loading, start) background-color: green; border-radius: 3px; color: white; padding: 1px 5px  @ https://game-cdn.poki.com/scripts/v2/poki-sdk.js:0
[  172098ms] [INFO] %cPOKI:%c PokiSDK.movePill( background-color: green; border-radius: 3px; color: white; padding: 1px 5px  10 0 ) @ https://game-cdn.poki.com/scripts/460329bfef41a6d4fb73f6638b23a446bee97c21/poki-sdk-hoist-460329bfef41a6d4fb73f6638b23a446bee97c21.js:0
[  172103ms] [INFO] Slow network is detected. See https://www.chromestatus.com/feature/5636954674692096 for more details. Fallback font will be used while loading: https://d379fb71-6792-4e6e-921f-8eeeecc2c826.gdn.poki.com/e6fd9f26-91e2-48db-9e98-0047ff7c845a/data/Teko-Medium.ttf @ https://d379fb71-6792-4e6e-921f-8eeeecc2c826.gdn.poki.com/e6fd9f26-91e2-48db-9e98-0047ff7c845a/soccerskills2.js:0
[  172105ms] [INFO] %cPOKI:%c PokiSDK.init( background-color: green; border-radius: 3px; color: white; padding: 1px 5px  {} ) @ https://game-cdn.poki.com/scripts/460329bfef41a6d4fb73f6638b23a446bee97c21/poki-sdk-hoist-460329bfef41a6d4fb73f6638b23a446bee97c21.js:0
[  175226ms] [INFO] %cPOKI:%c PokiSDK.gameLoadingFinished( background-color: green; border-radius: 3px; color: white; padding: 1px 5px  ) @ https://game-cdn.poki.com/scripts/460329bfef41a6d4fb73f6638b23a446bee97c21/poki-sdk-hoist-460329bfef41a6d4fb73f6638b23a446bee97c21.js:0
[  175226ms] [INFO] %cPOKI:%c PokiSDK.measure(game, loading, complete) background-color: green; border-radius: 3px; color: white; padding: 1px 5px  @ https://game-cdn.poki.com/scripts/v2/poki-sdk.js:0
[  191429ms] [INFO] %cPOKI:%c PokiSDK.gameplayStart( background-color: green; border-radius: 3px; color: white; padding: 1px 5px   ) @ https://game-cdn.poki.com/scripts/460329bfef41a6d4fb73f6638b23a446bee97c21/poki-sdk-hoist-460329bfef41a6d4fb73f6638b23a446bee97c21.js:0
[  198994ms] [INFO] %cPOKI:%c PokiSDK.gameplayStop( background-color: green; border-radius: 3px; color: white; padding: 1px 5px   ) @ https://game-cdn.poki.com/scripts/460329bfef41a6d4fb73f6638b23a446bee97c21/poki-sdk-hoist-460329bfef41a6d4fb73f6638b23a446bee97c21.js:0
[  198997ms] [ERROR] %cPOKI:%c Bot, IMA or Adblocker error background-color: red; border-radius: 3px; color: white; padding: 1px 5px  @ https://a.poki-cdn.com/ay/client-v2_fd398e0df0a7a854269de40c2618f8c80812d2d1.js:16
[  198997ms] [ERROR] %cPOKI:%c Bot, IMA or Adblocker error background-color: red; border-radius: 3px; color: white; padding: 1px 5px  @ https://a.poki-cdn.com/ay/client-v2_fd398e0df0a7a854269de40c2618f8c80812d2d1.js:16
[  198997ms] [ERROR] %cPOKI:%c Bot, IMA or Adblocker error background-color: red; border-radius: 3px; color: white; padding: 1px 5px  @ https://a.poki-cdn.com/ay/client-v2_fd398e0df0a7a854269de40c2618f8c80812d2d1.js:16
[  201037ms] [INFO] %cPOKI:%c PokiSDK.gameplayStart( background-color: green; border-radius: 3px; color: white; padding: 1px 5px   ) @ https://game-cdn.poki.com/scripts/460329bfef41a6d4fb73f6638b23a446bee97c21/poki-sdk-hoist-460329bfef41a6d4fb73f6638b23a446bee97c21.js:0
[  209948ms] [INFO] %cPOKI:%c PokiSDK.gameplayStop( background-color: green; border-radius: 3px; color: white; padding: 1px 5px   ) @ https://game-cdn.poki.com/scripts/460329bfef41a6d4fb73f6638b23a446bee97c21/poki-sdk-hoist-460329bfef41a6d4fb73f6638b23a446bee97c21.js:0
[  212107ms] [INFO] %cPOKI:%c PokiSDK.gameplayStart( background-color: green; border-radius: 3px; color: white; padding: 1px 5px   ) @ https://game-cdn.poki.com/scripts/460329bfef41a6d4fb73f6638b23a446bee97c21/poki-sdk-hoist-460329bfef41a6d4fb73f6638b23a446bee97c21.js:0
[  290060ms] [INFO] %cPOKI:%c PokiSDK.gameplayStop( background-color: green; border-radius: 3px; color: white; padding: 1px 5px   ) @ https://game-cdn.poki.com/scripts/460329bfef41a6d4fb73f6638b23a446bee97c21/poki-sdk-hoist-460329bfef41a6d4fb73f6638b23a446bee97c21.js:0
[  290064ms] [ERROR] %cPOKI:%c Bot, IMA or Adblocker error background-color: red; border-radius: 3px; color: white; padding: 1px 5px  @ https://a.poki-cdn.com/ay/client-v2_fd398e0df0a7a854269de40c2618f8c80812d2d1.js:16
[  290064ms] [ERROR] %cPOKI:%c Bot, IMA or Adblocker error background-color: red; border-radius: 3px; color: white; padding: 1px 5px  @ https://a.poki-cdn.com/ay/client-v2_fd398e0df0a7a854269de40c2618f8c80812d2d1.js:16
[  290064ms] [ERROR] %cPOKI:%c Bot, IMA or Adblocker error background-color: red; border-radius: 3px; color: white; padding: 1px 5px  @ https://a.poki-cdn.com/ay/client-v2_fd398e0df0a7a854269de40c2618f8c80812d2d1.js:16
[  291142ms] [INFO] %cPOKI:%c PokiSDK.gameplayStart( background-color: green; border-radius: 3px; color: white; padding: 1px 5px   ) @ https://game-cdn.poki.com/scripts/460329bfef41a6d4fb73f6638b23a446bee97c21/poki-sdk-hoist-460329bfef41a6d4fb73f6638b23a446bee97c21.js:0
[  309637ms] [INFO] %cPOKI:%c PokiSDK.gameplayStop( background-color: green; border-radius: 3px; color: white; padding: 1px 5px   ) @ https://game-cdn.poki.com/scripts/460329bfef41a6d4fb73f6638b23a446bee97c21/poki-sdk-hoist-460329bfef41a6d4fb73f6638b23a446bee97c21.js:0
[  311839ms] [INFO] %cPOKI:%c PokiSDK.gameplayStart( background-color: green; border-radius: 3px; color: white; padding: 1px 5px   ) @ https://game-cdn.poki.com/scripts/460329bfef41a6d4fb73f6638b23a446bee97c21/poki-sdk-hoist-460329bfef41a6d4fb73f6638b23a446bee97c21.js:0
[  333254ms] [INFO] %cPOKI:%c PokiSDK.gameplayStop( background-color: green; border-radius: 3px; color: white; padding: 1px 5px   ) @ https://game-cdn.poki.com/scripts/460329bfef41a6d4fb73f6638b23a446bee97c21/poki-sdk-hoist-460329bfef41a6d4fb73f6638b23a446bee97c21.js:0
[  333257ms] [ERROR] %cPOKI:%c Bot, IMA or Adblocker error background-color: red; border-radius: 3px; color: white; padding: 1px 5px  @ https://a.poki-cdn.com/ay/client-v2_fd398e0df0a7a854269de40c2618f8c80812d2d1.js:16
[  333257ms] [ERROR] %cPOKI:%c Bot, IMA or Adblocker error background-color: red; border-radius: 3px; color: white; padding: 1px 5px  @ https://a.poki-cdn.com/ay/client-v2_fd398e0df0a7a854269de40c2618f8c80812d2d1.js:16
[  333257ms] [ERROR] %cPOKI:%c Bot, IMA or Adblocker error background-color: red; border-radius: 3px; color: white; padding: 1px 5px  @ https://a.poki-cdn.com/ay/client-v2_fd398e0df0a7a854269de40c2618f8c80812d2d1.js:16
[  334080ms] [INFO] %cPOKI:%c PokiSDK.gameplayStart( background-color: green; border-radius: 3px; color: white; padding: 1px 5px   ) @ https://game-cdn.poki.com/scripts/460329bfef41a6d4fb73f6638b23a446bee97c21/poki-sdk-hoist-460329bfef41a6d4fb73f6638b23a446bee97c21.js:0
[  340097ms] [INFO] %cPOKI:%c PokiSDK.gameplayStop( background-color: green; border-radius: 3px; color: white; padding: 1px 5px   ) @ https://game-cdn.poki.com/scripts/460329bfef41a6d4fb73f6638b23a446bee97c21/poki-sdk-hoist-460329bfef41a6d4fb73f6638b23a446bee97c21.js:0
[  341354ms] [INFO] %cPOKI:%c PokiSDK.commercialBreak( background-color: green; border-radius: 3px; color: white; padding: 1px 5px   ) @ https://game-cdn.poki.com/scripts/460329bfef41a6d4fb73f6638b23a446bee97c21/poki-sdk-hoist-460329bfef41a6d4fb73f6638b23a446bee97c21.js:0
[  341359ms] [INFO] %cPOKI:%c requesting video ad with Prebid Video enabled (1/2 tries) background-color: green; border-radius: 3px; color: white; padding: 1px 5px  @ https://game-cdn.poki.com/scripts/460329bfef41a6d4fb73f6638b23a446bee97c21/poki-sdk-playground-460329bfef41a6d4fb73f6638b23a446bee97c21.js:0
[  341631ms] [ERROR] Failed to load resource: net::ERR_CONNECTION_REFUSED @ https://pbs-poki-us.ay.delivery/usersync:0
[  341633ms] [ERROR] Failed to load resource: net::ERR_CONNECTION_REFUSED @ https://pbs-poki-us.ay.delivery/openrtb2/auction:0
[  341634ms] [ERROR] Failed to load resource: net::ERR_CONNECTION_REFUSED @ https://htlb.casalemedia.com/openrtb/pbjs?s=1097608:0
[  341635ms] [ERROR] Failed to load resource: net::ERR_CONNECTION_REFUSED @ https://ads.yieldmo.com/exchange/prebidvideo:0
[  341635ms] [ERROR] Failed to load resource: net::ERR_CONNECTION_REFUSED @ https://prebid.a-mo.net/a/c:0
[  341635ms] [ERROR] Failed to load resource: net::ERR_CONNECTION_REFUSED @ https://shb.richaudience.com/hb/:0
[  341636ms] [ERROR] Failed to load resource: net::ERR_CONNECTION_REFUSED @ https://targeting.unrulymedia.com/unruly_prebid:0
[  341636ms] [ERROR] Failed to load resource: net::ERR_CONNECTION_REFUSED @ https://rtb.openx.net/openrtbb/prebidjs:0
[  341646ms] [ERROR] Failed to load resource: net::ERR_CONNECTION_REFUSED @ https://tlx.3lift.com/header/auction?lib=prebid&v=11.15.0&referrer=https%3A%2F%2Fpoki.com%2Fen%2Fg%2Flevel-devil&tmax=1875&gdpr=false:0
[  341647ms] [ERROR] Failed to load resource: net::ERR_CONNECTION_REFUSED @ https://onetag-sys.com/prebid-request:0
[  341647ms] [ERROR] Failed to load resource: net::ERR_CONNECTION_REFUSED @ https://hbopenbid.pubmatic.com/translator?source=prebid-client&gzip=1:0
[  341649ms] [ERROR] Failed to load resource: net::ERR_CONNECTION_REFUSED @ https://prebid.media.net/rtb/prebid?cid=8CU2QB97K:0
[  342043ms] [ERROR] Failed to load resource: net::ERR_CONNECTION_REFUSED @ https://navvy.media.net/log:0
[  343779ms] [ERROR] Failed to load resource: net::ERR_CONNECTION_REFUSED @ https://qsearch-a.akamaihd.net/log?logid=kfk&evtid=projectevents&project=prebid&dn=poki.com&requrl=https%3A%2F%2Fpoki.com%2Fen%2Fg%2Fsoccer-skills-2-world-cup&pbav=&pbver=11.15.0&cid=8CU2QB97K&event=ajax_log_failed&value=&rd=TypeError%3A%20Failed%20to%20fetch:0
[  344268ms] [ERROR] Failed to load resource: net::ERR_CONNECTION_REFUSED @ https://securepubads.g.doubleclick.net/gampad/ads?env=vp&gdfp_req=1&output=xml_vast4&unviewed_position_start=1&correlator=1200304612332323&sz=640x360%7C640x480&url=https%3A%2F%2Fpoki.com%2Fen%2Fg%2Fsoccer-skills-2-world-cup&iu=%2F21682198607%2Fdesktop_ingame_midroll_1%2F3_desktop_ingame_midroll_1&cust_params=hb_uuid%3Dundefined%26hb_cache_id%3Dundefined%26tag%3Dpg-v84d6b0b8d0e43705e577d8977ab516d349d613af%26site_id%3D3%26categories%3D2%2C27%2C76%2C93%2C735%2C1140%2C1141%2C1190%26p4d_game_id%3Dd379fb71-6792-4e6e-921f-8eeeecc2c826%26ay_mode%3Don%26position%3DPM%26ab%3D91%26refresh_number%3D0%26total_refresh_number%3D0%26localcache%3D1%26waterfall%3D1%26ay_hb_house%3D1%26billboards_fit%3Dyes%26page_has_lead%3Dyes%26monetization-exp%3Dh5gaming-off&description_url=https%3A%2F%2Fpoki.com%2Fen%2Fg%2Fsoccer-skills-2-world-cup&nofb=1&gdpr=0&plcmt=1&vpos=midroll&vpa=click&vpmute=0&sdkv=h.3.784.0&osd=2&frm=0&vis=1&sdr=1&hl=en&afvsz=200x200%2C250x250%2C300x250%2C336x280%2C450x50%2C468x60%2C480x70%2C728x90&is_amp=0&uach=WyJtYWNPUyIsIjI2LjQuMSIsImFybSIsIiIsIjE1MS4wLjc5MjIuMTM3IixudWxsLDAsbnVsbCwiNjQiLFtbIk5vdD1BP0JyYW5kIiwiOTkuMC4wLjAiXSxbIkdvb2dsZSBDaHJvbWUiLCIxNTEuMC43OTIyLjEzNyJdLFsiQ2hyb21pdW0iLCIxNTEuMC43OTIyLjEzNyJdXSwwXQ..&u_so=l&ctv=0&sdki=100000445&ptt=20&vo=0&adk=1415753686&sdk_apis=2%2C7%2C8&omid_p=Google1%2Fh.3.784.0&sid=E6A3D49C-0386-4A58-9248-CDD4664B3A4C&a3p=EjQKCnB1YmNpZC5vcmcSJDk3NGIyM2QzLTE0ZDctNDY5NS05Y2UxLTZhNWQzZTk5MjVhYVgB&htps=10&eid=44754608%2C95322027%2C95331589%2C95332046%2C95351425&ref=https%3A%2F%2Fwww.google.com%2F&top=https%3A%2F%2Fpoki.com%2Fen%2Fg%2Fsoccer-skills-2-world-cup&loc=https%3A%2F%2Fpoki.com%2Fen%2Fg%2Fsoccer-skills-2-world-cup&dlt=1786654075695&idt=16028&dt=1786654401826&cookie_enabled=1&eoidce=1&pvsid=3992709936026388&scor=160047775212759&gblpids=desktop_ingame_midroll_1&ged=ve4_td326_er16.228.174.528_vi0.0.862.1512_vp100_eb24168:0
[  344273ms] [ERROR] Failed to load resource: net::ERR_CONNECTION_REFUSED @ https://securepubads.g.doubleclick.net/gampad/ads?env=vp&gdfp_req=1&output=xml_vast4&unviewed_position_start=1&correlator=1200304612332323&sz=640x360%7C640x480&url=https%3A%2F%2Fpoki.com%2Fen%2Fg%2Fsoccer-skills-2-world-cup&iu=%2F21682198607%2Fdesktop_ingame_midroll_1%2F3_desktop_ingame_midroll_1&cust_params=hb_uuid%3Dundefined%26hb_cache_id%3Dundefined%26tag%3Dpg-v84d6b0b8d0e43705e577d8977ab516d349d613af%26site_id%3D3%26categories%3D2%2C27%2C76%2C93%2C735%2C1140%2C1141%2C1190%26p4d_game_id%3Dd379fb71-6792-4e6e-921f-8eeeecc2c826%26ay_mode%3Don%26position%3DPM%26ab%3D91%26refresh_number%3D0%26total_refresh_number%3D0%26localcache%3D1%26waterfall%3D1%26ay_hb_house%3D1%26billboards_fit%3Dyes%26page_has_lead%3Dyes%26monetization-exp%3Dh5gaming-off&description_url=https%3A%2F%2Fpoki.com%2Fen%2Fg%2Fsoccer-skills-2-world-cup&nofb=1&gdpr=0&plcmt=1&vpos=midroll&vpa=click&vpmute=0&sdkv=h.3.784.0&osd=2&frm=0&vis=1&sdr=1&hl=en&afvsz=200x200%2C250x250%2C300x250%2C336x280%2C450x50%2C468x60%2C480x70%2C728x90&is_amp=0&uach=WyJtYWNPUyIsIjI2LjQuMSIsImFybSIsIiIsIjE1MS4wLjc5MjIuMTM3IixudWxsLDAsbnVsbCwiNjQiLFtbIk5vdD1BP0JyYW5kIiwiOTkuMC4wLjAiXSxbIkdvb2dsZSBDaHJvbWUiLCIxNTEuMC43OTIyLjEzNyJdLFsiQ2hyb21pdW0iLCIxNTEuMC43OTIyLjEzNyJdXSwwXQ..&u_so=l&ctv=0&sdki=100000445&ptt=20&vo=0&adk=1415753686&sdk_apis=2%2C7%2C8&omid_p=Google1%2Fh.3.784.0&sid=E6A3D49C-0386-4A58-9248-CDD4664B3A4C&a3p=EjQKCnB1YmNpZC5vcmcSJDk3NGIyM2QzLTE0ZDctNDY5NS05Y2UxLTZhNWQzZTk5MjVhYVgB&htps=10&eid=44754608%2C95322027%2C95331589%2C95332046%2C95351425&ref=https%3A%2F%2Fwww.google.com%2F&top=https%3A%2F%2Fpoki.com%2Fen%2Fg%2Fsoccer-skills-2-world-cup&loc=https%3A%2F%2Fpoki.com%2Fen%2Fg%2Fsoccer-skills-2-world-cup&dlt=1786654075695&idt=16028&dt=1786654401826&cookie_enabled=1&eoidce=1&pvsid=3992709936026388&scor=160047775212759&gblpids=desktop_ingame_midroll_1&ged=ve4_td326_er16.228.174.528_vi0.0.862.1512_vp100_eb24168:0
[  344277ms] [WARNING] Handler scope is deprecated. Use arrow function or bind. @ https://a.poki-cdn.com/ay/client-v2_fd398e0df0a7a854269de40c2618f8c80812d2d1.js:16
[  344277ms] [WARNING] Handler scope is deprecated. Use arrow function or bind. @ https://a.poki-cdn.com/ay/client-v2_fd398e0df0a7a854269de40c2618f8c80812d2d1.js:16
[  344278ms] [INFO] %cPOKI:%c requesting video ad in plain mode (2/2 tries) background-color: green; border-radius: 3px; color: white; padding: 1px 5px  @ https://game-cdn.poki.com/scripts/460329bfef41a6d4fb73f6638b23a446bee97c21/poki-sdk-playground-460329bfef41a6d4fb73f6638b23a446bee97c21.js:0
[  344289ms] [ERROR] Failed to load resource: net::ERR_CONNECTION_REFUSED @ https://s0.2mdn.net/instream/video/client.js:0
[  344306ms] [ERROR] Failed to load resource: net::ERR_CONNECTION_REFUSED @ https://securepubads.g.doubleclick.net/gampad/ads?sz=640x360%7C640x480&iu=%2F21682198607%2Fdesktop_ingame_midroll_2%2F3_desktop_ingame_midroll_2&ciu_szs&gdfp_req=1&env=vp&output=xml_vast4&unviewed_position_start=1&url=https%3A%2F%2Fpoki.com%2Fen%2Fg%2Fsoccer-skills-2-world-cup&description_url=https%3A%2F%2Fpoki.com%2Fen%2Fg%2Fsoccer-skills-2-world-cup&correlator=1200304612332323&nofb=1&cust_params=tag%3Dpg-v84d6b0b8d0e43705e577d8977ab516d349d613af%26site_id%3D3%26categories%3D2%2C27%2C76%2C93%2C735%2C1140%2C1141%2C1190%26p4d_game_id%3Dd379fb71-6792-4e6e-921f-8eeeecc2c826%26ay_mode%3Don%26position%3DPM%26ab%3D91%26refresh_number%3D0%26total_refresh_number%3D0%26localcache%3D1%26waterfall%3D2%26ay_hb_house%3D1%26billboards_fit%3Dyes%26page_has_lead%3Dyes%26monetization-exp%3Dh5gaming-off%26&vpmute=0&sdkv=h.3.784.0&osd=2&frm=0&vis=1&sdr=1&hl=en&afvsz=200x200%2C250x250%2C300x250%2C336x280%2C450x50%2C468x60%2C480x70%2C728x90&is_amp=0&uach=WyJtYWNPUyIsIjI2LjQuMSIsImFybSIsIiIsIjE1MS4wLjc5MjIuMTM3IixudWxsLDAsbnVsbCwiNjQiLFtbIk5vdD1BP0JyYW5kIiwiOTkuMC4wLjAiXSxbIkdvb2dsZSBDaHJvbWUiLCIxNTEuMC43OTIyLjEzNyJdLFsiQ2hyb21pdW0iLCIxNTEuMC43OTIyLjEzNyJdXSwwXQ..&u_so=l&ctv=0&sdki=100000445&ptt=20&vo=0&adk=274435425&sdk_apis=2%2C7%2C8&omid_p=Google1%2Fh.3.784.0&sid=E6A3D49C-0386-4A58-9248-CDD4664B3A4C&a3p=EjQKCnB1YmNpZC5vcmcSJDk3NGIyM2QzLTE0ZDctNDY5NS05Y2UxLTZhNWQzZTk5MjVhYVgB&htps=10&eid=44754608%2C95322027%2C95331589%2C95332046%2C95351425&ref=https%3A%2F%2Fwww.google.com%2F&top=https%3A%2F%2Fpoki.com%2Fen%2Fg%2Fsoccer-skills-2-world-cup&loc=https%3A%2F%2Fpoki.com%2Fen%2Fg%2Fsoccer-skills-2-world-cup&dlt=1786654075695&idt=16028&dt=1786654402818&cookie_enabled=1&eoidce=1&pvsid=3992709936026388&scor=2405367372193188&ged=ve4_td327_er16.228.174.528_vi0.0.862.1512_vp100_ts1_eb24168:0
[  344307ms] [ERROR] Failed to load resource: net::ERR_CONNECTION_REFUSED @ https://securepubads.g.doubleclick.net/gampad/ads?sz=640x360%7C640x480&iu=%2F21682198607%2Fdesktop_ingame_midroll_2%2F3_desktop_ingame_midroll_2&ciu_szs&gdfp_req=1&env=vp&output=xml_vast4&unviewed_position_start=1&url=https%3A%2F%2Fpoki.com%2Fen%2Fg%2Fsoccer-skills-2-world-cup&description_url=https%3A%2F%2Fpoki.com%2Fen%2Fg%2Fsoccer-skills-2-world-cup&correlator=1200304612332323&nofb=1&cust_params=tag%3Dpg-v84d6b0b8d0e43705e577d8977ab516d349d613af%26site_id%3D3%26categories%3D2%2C27%2C76%2C93%2C735%2C1140%2C1141%2C1190%26p4d_game_id%3Dd379fb71-6792-4e6e-921f-8eeeecc2c826%26ay_mode%3Don%26position%3DPM%26ab%3D91%26refresh_number%3D0%26total_refresh_number%3D0%26localcache%3D1%26waterfall%3D2%26ay_hb_house%3D1%26billboards_fit%3Dyes%26page_has_lead%3Dyes%26monetization-exp%3Dh5gaming-off%26&vpmute=0&sdkv=h.3.784.0&osd=2&frm=0&vis=1&sdr=1&hl=en&afvsz=200x200%2C250x250%2C300x250%2C336x280%2C450x50%2C468x60%2C480x70%2C728x90&is_amp=0&uach=WyJtYWNPUyIsIjI2LjQuMSIsImFybSIsIiIsIjE1MS4wLjc5MjIuMTM3IixudWxsLDAsbnVsbCwiNjQiLFtbIk5vdD1BP0JyYW5kIiwiOTkuMC4wLjAiXSxbIkdvb2dsZSBDaHJvbWUiLCIxNTEuMC43OTIyLjEzNyJdLFsiQ2hyb21pdW0iLCIxNTEuMC43OTIyLjEzNyJdXSwwXQ..&u_so=l&ctv=0&sdki=100000445&ptt=20&vo=0&adk=274435425&sdk_apis=2%2C7%2C8&omid_p=Google1%2Fh.3.784.0&sid=E6A3D49C-0386-4A58-9248-CDD4664B3A4C&a3p=EjQKCnB1YmNpZC5vcmcSJDk3NGIyM2QzLTE0ZDctNDY5NS05Y2UxLTZhNWQzZTk5MjVhYVgB&htps=10&eid=44754608%2C95322027%2C95331589%2C95332046%2C95351425&ref=https%3A%2F%2Fwww.google.com%2F&top=https%3A%2F%2Fpoki.com%2Fen%2Fg%2Fsoccer-skills-2-world-cup&loc=https%3A%2F%2Fpoki.com%2Fen%2Fg%2Fsoccer-skills-2-world-cup&dlt=1786654075695&idt=16028&dt=1786654402818&cookie_enabled=1&eoidce=1&pvsid=3992709936026388&scor=2405367372193188&ged=ve4_td327_er16.228.174.528_vi0.0.862.1512_vp100_ts1_eb24168:0
[  344309ms] [WARNING] Handler scope is deprecated. Use arrow function or bind. @ https://a.poki-cdn.com/ay/client-v2_fd398e0df0a7a854269de40c2618f8c80812d2d1.js:16
[  344309ms] [WARNING] Handler scope is deprecated. Use arrow function or bind. @ https://a.poki-cdn.com/ay/client-v2_fd398e0df0a7a854269de40c2618f8c80812d2d1.js:16
[  344321ms] [ERROR] Failed to load resource: net::ERR_CONNECTION_REFUSED @ https://s0.2mdn.net/instream/video/client.js:0
[  344398ms] [ERROR] Failed to load resource: net::ERR_CONNECTION_REFUSED @ https://securepubads.g.doubleclick.net/tag/js/gpt.js:0
[  345939ms] [ERROR] Failed to load resource: net::ERR_CONNECTION_REFUSED @ https://onetag-sys.com/match/?int_id=113&callback=https%3A%2F%2Fs.amazon-adsystem.com%2Fecm3%3Fex%3Donetag.com%26id%3D%24%7BUSER_TOKEN%7D&gdpr=0:0
[  347241ms] [ERROR] Failed to load resource: net::ERR_CONNECTION_REFUSED @ https://sync-tm.everesttech.net/upi/pid/ACY3VSlh?redir=https%3A%2F%2Fs.amazon-adsystem.com%2Fecm3%3Fex%3Dadobe3pb.com%26id%3D%24%7BTM_USER_ID%7D&gdpr=0:0
[  347241ms] [ERROR] Failed to load resource: net::ERR_CONNECTION_REFUSED @ https://csync.loopme.me/?pubid=11405&redirect=https%3A%2F%2Fs.amazon-adsystem.com%2Fecm3%3Fex%3Dloopme.com%26id%3D%7Bviewer_token%7D&gdpr=0:0
[  347241ms] [ERROR] Failed to load resource: net::ERR_CONNECTION_REFUSED @ https://ad.360yield.com/server_match?callback=https%3A%2F%2Fs.amazon-adsystem.com%2Fecm3%3Fex%3Dazerion.com%26id%3D%7BPUB_USER_ID%7D&gdpr=0:0
[  347241ms] [ERROR] Failed to load resource: net::ERR_CONNECTION_REFUSED @ https://cs.media.net/cksync?cs=31&type=tam&redirect=https%3A%2F%2Fs.amazon-adsystem.com%2Fecm3%3Fex%3Dmedia.net%26id%3D%3Cvsid%3E&gdpr=0:0
[  347241ms] [ERROR] Failed to load resource: net::ERR_CONNECTION_REFUSED @ https://um.simpli.fi/amazon/https%3A%2F%2Fs.amazon-adsystem.com%2Fecm3%3Fex%3Dsimpli.fi%26id%3D?gdpr=0:0
[  347241ms] [ERROR] Failed to load resource: net::ERR_CONNECTION_REFUSED @ https://match.prod.bidr.io/cookie-sync/amzn?redirect=https%3A%2F%2Fs.amazon-adsystem.com%2Fecm3%3Fex%3Dbeeswax.com%26id%3D%24UID&gdpr=0:0
[  347241ms] [ERROR] Failed to load resource: net::ERR_CONNECTION_REFUSED @ https://creativecdn.com/cm-notify?pi=amazon&gdpr=0:0
[  348334ms] [ERROR] Failed to load resource: net::ERR_CONNECTION_REFUSED @ https://image6.pubmatic.com/AdServer/PugMaster?sec=1&async=1&kdntuid=1&rnd=11669718&p=156838&s=0&a=0&ptask=ALL&np=0&fp=0&rp=0&mpc=0&spug=1&coppa=0&gdpr=0&gdpr_consent=&us_privacy=&gpp=&gpp_sid=:0
[  348794ms] [ERROR] Failed to load resource: net::ERR_CONNECTION_REFUSED @ https://csync.loopme.me/?pubid=11318&gdpr=0&gdpr_consent=&redirect=https%3A%2F%2Fcs.startappnetwork.com%2Fset-uid%3Fp%3Dmbupodrt%26uid%3D%7Bviewer_token%7D:0
[  349127ms] [ERROR] Failed to load resource: net::ERR_CONNECTION_REFUSED @ https://us-u.openx.net/w/1.0/cm?id=b34bc425-e29f-4ae6-b7ca-14f34e8f532b&gdpr=0&gdpr_consent=&r=https%3A%2F%2Fcs.startappnetwork.com%2Fset-uid%3Fp%3Dmzpiak2k%26uid%3D%7BOPENX_ID%7D:0
[  349127ms] [ERROR] Failed to load resource: net::ERR_CONNECTION_REFUSED @ https://image8.pubmatic.com/AdServer/ImgSync?p=163476&gdpr=0&gdpr_consent=&us_privacy=1YNN&gpp=&gpp_sid=&pu=https%3A%2F%2Fcs.startappnetwork.com%2Fset-uid%3Fp%3Dmgaui9c3%26uid%3D%23PMUID:0
[  349957ms] [ERROR] Failed to load resource: net::ERR_CONNECTION_REFUSED @ https://id.rlcdn.com/709414.gif?gdpr=0:0
[  349957ms] [ERROR] Failed to load resource: net::ERR_CONNECTION_REFUSED @ https://cm.g.doubleclick.net/pixel?google_nid=rubicon&google_cm&google_sc&process_consent=T&gdpr=0:0
[  349957ms] [ERROR] Failed to load resource: net::ERR_CONNECTION_REFUSED @ https://ups.analytics.yahoo.com/ups/58912/cms?uid=KRhgb5XjCXkpDcN029EDlsn5EUdSAgOZEtemQ7w0kco&csrc=&gdpr=0:0
[  349972ms] [ERROR] Failed to load resource: net::ERR_CONNECTION_REFUSED @ https://cm.g.doubleclick.net/pixel?google_nid=rp&google_cm&google_hm=TVNSWldLNFQtMUYtOVVCQw==&gdpr=0:0
[  349972ms] [ERROR] Failed to load resource: net::ERR_CONNECTION_REFUSED @ https://match.prod.bidr.io/cookie-sync/rp?bee_sync_partners=rp&gdpr=0:0
[  350241ms] [ERROR] Failed to load resource: net::ERR_CONNECTION_REFUSED @ https://match.adsrvr.org/track/cmf/rubicon?gdpr=0:0
[  350244ms] [ERROR] Failed to load resource: net::ERR_CONNECTION_REFUSED @ https://cm.g.doubleclick.net/pixel?google_nid=rubicon&google_hm=MjZmODA0YWRkNzRiNTczODg4ZTczMTNhOTNkM2FkZDEzMzQzM2U1Ng&gdpr=0:0
[  350323ms] [ERROR] Failed to load resource: net::ERR_CONNECTION_REFUSED @ https://sync.ipredictive.com/d/sync/cookie/generic?https://pixel.rubiconproject.com/tap.php?v=17149&nid=2861&put=${ADELPHIC_CUID}&expires=30&gdpr=0:0
[  350332ms] [ERROR] Failed to load resource: net::ERR_CONNECTION_REFUSED @ https://match.adsrvr.org/track/cmf/generic?ttd_pid=smart-adserver&ttd_tpi=1:0
[  350335ms] [ERROR] Failed to load resource: net::ERR_CONNECTION_REFUSED @ https://match.prod.bidr.io/cookie-sync/sas:0
[  348334ms] [ERROR] Failed to load resource: net::ERR_CONNECTION_REFUSED @ https://image6.pubmatic.com/AdServer/PugMaster?sec=1&async=1&kdntuid=1&rnd=11669718&p=156838&s=0&a=0&ptask=ALL&np=0&fp=0&rp=0&mpc=0&spug=1&coppa=0&gdpr=0&gdpr_consent=&us_privacy=&gpp=&gpp_sid=:0
[  350351ms] [WARNING] Handler scope is deprecated. Use arrow function or bind. @ https://a.poki-cdn.com/ay/client-v2_fd398e0df0a7a854269de40c2618f8c80812d2d1.js:16
[  350351ms] [WARNING] Handler scope is deprecated. Use arrow function or bind. @ https://a.poki-cdn.com/ay/client-v2_fd398e0df0a7a854269de40c2618f8c80812d2d1.js:16
[  350351ms] [WARNING] Handler scope is deprecated. Use arrow function or bind. @ https://a.poki-cdn.com/ay/client-v2_fd398e0df0a7a854269de40c2618f8c80812d2d1.js:16
[  350351ms] [WARNING] Handler scope is deprecated. Use arrow function or bind. @ https://a.poki-cdn.com/ay/client-v2_fd398e0df0a7a854269de40c2618f8c80812d2d1.js:16
[  350351ms] [WARNING] Handler scope is deprecated. Use arrow function or bind. @ https://a.poki-cdn.com/ay/client-v2_fd398e0df0a7a854269de40c2618f8c80812d2d1.js:16
[  350351ms] [WARNING] Handler scope is deprecated. Use arrow function or bind. @ https://a.poki-cdn.com/ay/client-v2_fd398e0df0a7a854269de40c2618f8c80812d2d1.js:16
[  350352ms] [WARNING] Handler scope is deprecated. Use arrow function or bind. @ https://a.poki-cdn.com/ay/client-v2_fd398e0df0a7a854269de40c2618f8c80812d2d1.js:16
[  350352ms] [WARNING] Handler scope is deprecated. Use arrow function or bind. @ https://a.poki-cdn.com/ay/client-v2_fd398e0df0a7a854269de40c2618f8c80812d2d1.js:16
[  350352ms] [WARNING] Handler scope is deprecated. Use arrow function or bind. @ https://a.poki-cdn.com/ay/client-v2_fd398e0df0a7a854269de40c2618f8c80812d2d1.js:16
[  350352ms] [WARNING] Handler scope is deprecated. Use arrow function or bind. @ https://a.poki-cdn.com/ay/client-v2_fd398e0df0a7a854269de40c2618f8c80812d2d1.js:16
[  350352ms] [WARNING] Handler scope is deprecated. Use arrow function or bind. @ https://a.poki-cdn.com/ay/client-v2_fd398e0df0a7a854269de40c2618f8c80812d2d1.js:16
[  350352ms] [WARNING] Handler scope is deprecated. Use arrow function or bind. @ https://a.poki-cdn.com/ay/client-v2_fd398e0df0a7a854269de40c2618f8c80812d2d1.js:16
[  350352ms] [WARNING] Handler scope is deprecated. Use arrow function or bind. @ https://a.poki-cdn.com/ay/client-v2_fd398e0df0a7a854269de40c2618f8c80812d2d1.js:16
[  350741ms] [ERROR] Failed to load resource: net::ERR_CONNECTION_REFUSED @ https://px.ads.linkedin.com/setuid?partner=rubiconDb&dbredirect=true&ruxId=MSRZWK4T-1F-9UBC&gdpr=0:0
[  350749ms] [ERROR] Failed to load resource: net::ERR_CONNECTION_REFUSED @ https://c1.adform.net/serving/cookie/match?party=10&sspurl=https%3A%2F%2Frtb-csync.smartadserver.com%2Fredir%2F%3Fissi%3D1%26partnerid%3D22%26partneruserid%3DYOUR_USER_ID:0
[  350751ms] [ERROR] Failed to load resource: net::ERR_CONNECTION_REFUSED @ https://sync.mathtag.com/sync/img?mt_exid=39&redir=https%3A%2F%2Frtb-csync.smartadserver.com%2Fredir%2F%3Fissi%3D1%26partnerid%3D25%26partneruserid%3D%5BMM_UUID%5D:0
[  350751ms] [ERROR] Failed to load resource: net::ERR_CONNECTION_REFUSED @ https://rtb-csync.smartadserver.com/redir/?issi=1&partnerid=188&partneruserid=1&redirurl=https%3A%2F%2Fcm.g.doubleclick.net%2Fpixel%3Fgoogle_nid%3Dsharethrough_ob%26google_cm%26google_sc%26google_hm%3DSMART_USER_ID_B64:0
[  350751ms] [ERROR] Failed to load resource: net::ERR_CONNECTION_REFUSED @ https://rtb-csync.smartadserver.com/redir/?issi=1&partnerid=160&partneruserid=1&redirurl=https%3A%2F%2Fcm.g.doubleclick.net%2Fpixel%3Fgoogle_nid%3Dsmartrtb_dbm%26google_cm%26google_sc%26google_hm%3DSMART_USER_ID_B64:0
[  350751ms] [ERROR] Failed to load resource: net::ERR_CONNECTION_REFUSED @ https://rtb-csync.smartadserver.com/redir/?issi=1&partnerid=134&partneruserid=OB_OK&redirurl=https%3A%2F%2Fcm.g.doubleclick.net%2Fpixel%3Fgoogle_nid%3Dsmart_adserver_eb%26google_hm%3DSMART_USER_ID_B64:0
[  350751ms] [ERROR] Failed to load resource: net::ERR_CONNECTION_REFUSED @ https://secure.adnxs.com/getuid?https%3A%2F%2Frtb-csync.smartadserver.com%2Fredir%2F%3Fissi%3D1%26partnerid%3D86%26partneruserid%3D$UID:0
[  350751ms] [ERROR] Failed to load resource: net::ERR_CONNECTION_REFUSED @ https://sync.adotmob.com/cookie/smart?r=https%3A%2F%2Frtb-csync.smartadserver.com%2Fredir%2F%3Fissi%3D1%26partnerid%3D66%26partneruserid%3D%7Bamob_user_id%7D:0
[  350754ms] [ERROR] Failed to load resource: net::ERR_CONNECTION_REFUSED @ https://rtb-csync.smartadserver.com/redir/?issi=1&partnerid=135&partneruserid=TAM_OK&redirurl=https%3A%2F%2Faax-eu.amazon-adsystem.com%2Fs%2Fdcm%3Fpid%3Df7a5db36-1d5c-4c26-81b6-b4d0807faffb%26id%3DSMART_USER_ID:0
[  350755ms] [ERROR] Failed to load resource: net::ERR_CONNECTION_REFUSED @ https://bh.contextweb.com/bh/rtset?pid=560288&ev=1&rurl=https%3A%2F%2Frtb-csync.smartadserver.com%2Fredir%2F%3Fissi%3D1%26partnerid%3D92%26partneruserid%3D%25%25VGUID%25%25:0
[  350756ms] [ERROR] Failed to load resource: net::ERR_CONNECTION_REFUSED @ https://sync-tm.everesttech.net/upi/pid/gjIEMT18?redir=https%3A%2F%2Frtb-csync.smartadserver.com%2Fredir%2F%3Fissi%3D1%26partnerid%3D94%26partneruserid%3D%24%7BTM_USER_ID%7D:0
[  350962ms] [ERROR] Failed to load resource: net::ERR_CONNECTION_REFUSED @ https://pxl.iqm.com/i/ck/equativ?cid=SMART_USER_ID&redir=https%3A%2F%2Frtb-csync.smartadserver.com%2Fredir%2F%3Fissi%3D1%26partnerid%3D154%26partneruserid%3D%7BIQM_COOKIE%7D:0
[  350962ms] [ERROR] Failed to load resource: net::ERR_CONNECTION_REFUSED @ https://dis.criteo.com/dis/usersync.aspx?r=30&p=273&cp=smartortb&cu=1&url=https%3A%2F%2Frtb-csync.smartadserver.com%2Fredir%2F%3Fissi%3D1%26partnerid%3D79%26partneruserid%3D%40%40CRITEO_USERID%40%40:0
[  350962ms] [ERROR] Failed to load resource: net::ERR_CONNECTION_REFUSED @ https://cms.quantserve.com/pixel/p-EtBqU4Lj3YbAv.gif?idmatch=0:0
[  350963ms] [ERROR] Failed to load resource: net::ERR_CONNECTION_REFUSED @ https://live.primis.tech/live/liveCS.php?source=external&advId=100&advUuid=MSRZWK4T-1F-9UBC&gdpr=0:0
[  350963ms] [ERROR] Failed to load resource: net::ERR_CONNECTION_REFUSED @ https://id5-sync.com/i/102/9.gif:0
[  350963ms] [ERROR] Failed to load resource: net::ERR_CONNECTION_REFUSED @ https://match.sharethrough.com/sync/v1?source_id=UiRtTsXAfjmfSDAKnR1FjWsu&source_user_id=MSRZWK4T-1F-9UBC&gdpr=0:0
[  350964ms] [ERROR] Failed to load resource: net::ERR_CONNECTION_REFUSED @ https://sync.1rx.io/usersync2/smartadserver:0
[  350964ms] [ERROR] Failed to load resource: net::ERR_CONNECTION_REFUSED @ https://csync.loopme.me/?redirect=https%3A%2F%2Frtb-csync.smartadserver.com%2Fredir%2F%3Fissi%3D1%26partnerid%3D124%26partneruserid%3D%7Bdevice_id%7D&pubid=5679:0
[  350965ms] [ERROR] Failed to load resource: net::ERR_CONNECTION_REFUSED @ https://i.liadm.com/s/60909?bidder_id=227664&bidder_uuid=MSRZWK4T-1F-9UBC&gdpr=0:0
[  350965ms] [ERROR] Failed to load resource: net::ERR_CONNECTION_REFUSED @ https://cs.admanmedia.com/e09bad714a425a93d6dea503dcf9c528.gif?redir=https%3A%2F%2Frtb-csync.smartadserver.com%2Fredir%2F%3Fissi%3D1%26partnerid%3D130%26partneruserid%3D%5BUID%5D%26gdpr%3D%5BGDPR%5D%26gdpr_consent%3D%5BGDPR_CONSENT%5D:0
[  350965ms] [ERROR] Failed to load resource: net::ERR_CONNECTION_REFUSED @ https://s.ad.smaato.net/c/?adExInit=sas&redir=https%3A%2F%2Frtb-csync.smartadserver.com%2Fredir%2F%3Fissi%3D1%26partnerid%3D133%26partneruserid%3D$UID:0
[  350965ms] [ERROR] Failed to load resource: net::ERR_CONNECTION_REFUSED @ https://id.rlcdn.com/711890.gif?credir=https%3A%2F%2Frtb-csync.smartadserver.com%2Fredir%2F%3Fissi%3D1%26partnerid%3D136%26partneruserid%3D:0
[  350965ms] [ERROR] Failed to load resource: net::ERR_CONNECTION_REFUSED @ https://rtb-csync.smartadserver.com/redir/?issi=1&partnerid=139&partneruserid=0&redirurl=https%3A%2F%2Fmatch.sharethrough.com%2Fsync%2Fv1%3Fsource_id%3D98KUz37ype9D3X2sf9ovgeTt%26source_user_id%3DSMART_USER_ID:0
[  350966ms] [ERROR] Failed to load resource: net::ERR_CONNECTION_REFUSED @ https://match.sharethrough.com/universal/v1?supply_id=v5hJK9Sl:0
[  350966ms] [ERROR] Failed to load resource: net::ERR_CONNECTION_REFUSED @ https://rtb-csync.smartadserver.com/redir/?issi=1&partnerid=150&partneruserid=0&redirurl=https%3A%2F%2Fwt.rqtrk.eu%3Fpid%3D58a76248-f101-4e52-b8f7-c4de9362ea12%26src%3Dwww%26type%3D100%26sid%3D0%26uid%3DSMART_USER_ID%26gdpr_pd%3D0:0
[  351245ms] [ERROR] Failed to load resource: net::ERR_CONNECTION_REFUSED @ https://visitor.omnitagjs.com/visitor/bsync?uid=627080440e659fbe0f85333c665ae1de&name=SMARTADSERVER&url=https%3A%2F%2Frtb-csync.smartadserver.com%2Fredir%2F%3Fissi%3D1%26partnerid%3D117%26partneruserid%3DPARTNER_USER_ID%26gdpr%3DGDPR%26gdpr_consent%3DGDPR_CONSENT:0
[  351245ms] [ERROR] Failed to load resource: net::ERR_CONNECTION_REFUSED @ https://equativ-match.dotomi.com/match/bounce/current?networkId=9252325&version=1&nuid=SMART_USER_ID:0
[  351274ms] [ERROR] Failed to load resource: net::ERR_CONNECTION_REFUSED @ https://sync.a-mo.net/setuid/magnite?uid=MSRZWK4T-1F-9UBC&gdpr=0:0
[  351298ms] [ERROR] Failed to load resource: net::ERR_CONNECTION_REFUSED @ https://rtb-csync.smartadserver.com/redir/?issi=1&partnerid=116&partneruserid=b77c8b90-0414-40cc-8ad0-089641b94296:0
[  351796ms] [ERROR] Failed to load resource: net::ERR_CONNECTION_REFUSED @ https://a.sportradarserving.com/sync?ssp=bidswitch&bidswitch_ssp_id=bidline&gdpr=&gdpr_consent=:0
[  351797ms] [ERROR] Failed to load resource: net::ERR_CONNECTION_REFUSED @ https://t.adx.opera.com/pub/sync?pubid=pub10682794419520&us_privacy=:0
[  351804ms] [ERROR] Failed to load resource: net::ERR_CONNECTION_REFUSED @ https://sync.srv.stackadapt.com/sync?nid=339:0
[  351804ms] [ERROR] Failed to load resource: net::ERR_CONNECTION_REFUSED @ https://sync-tm.everesttech.net/upi/pid/byN59NcB?redir=https%3A%2F%2Frtb-csync.smartadserver.com%2Fredir%2F%3Fissi%3D1%26partnerid%3D170%26partneruserid%3D%24%7BTM_USER_ID%7D:0
[  351805ms] [ERROR] Failed to load resource: net::ERR_CONNECTION_REFUSED @ https://ups.analytics.yahoo.com/ups/58919/cms?uid=SMART_USER_ID:0
[  352095ms] [ERROR] Failed to load resource: net::ERR_CONNECTION_REFUSED @ https://sc-static.net/scevent.min.js:0
[  352096ms] [ERROR] Failed to load resource: net::ERR_CONNECTION_REFUSED @ https://i.ctnsnet.com/int/cm?exc=25&redir=https%3A%2F%2Frtb-csync.smartadserver.com%2Fredir%3Fissi%3D1%26partnerid%3D169%26partneruserid%3DPARTNER_USER_ID:0
[  352096ms] [ERROR] Failed to load resource: net::ERR_CONNECTION_REFUSED @ https://match.deepintent.com/usersync/158:0
[  352110ms] [ERROR] Failed to load resource: net::ERR_CONNECTION_REFUSED @ https://p.rfihub.com/cm?in=1&pub=20513&ssp=smartadserver&gdpr=&gdpr_consent=:0
[  352110ms] [ERROR] Failed to load resource: net::ERR_CONNECTION_REFUSED @ https://cms.quantserve.com/pixel/p-_jQ037pSmtjhN.gif?idmatch=1:0
[  352110ms] [ERROR] Failed to load resource: net::ERR_CONNECTION_REFUSED @ https://u.openx.net/w/1.0/cm?&id=7ead435e-a2cd-4cbf-8876-adb66822613f&ph=c6b01e12-aa62-4ae6-9e10-71346e597c31&r=https%3A%2F%2Frtb-csync.smartadserver.com%2Fredir%2F%3Fissi%3D1%26partnerid%3D179%26partneruserid%3D%7BOPENX_ID%7D:0
[  352114ms] [ERROR] Failed to load resource: net::ERR_CONNECTION_REFUSED @ https://cm.g.doubleclick.net/pixel?google_nid=openx&google_hm=YzQwYjY4MzYtMjlhMS0yMTFjLWQzZmYtMjVhYjVmODc2NjY5:0
[  352114ms] [ERROR] Failed to load resource: net::ERR_CONNECTION_REFUSED @ https://rtb-csync.smartadserver.com/redir/?issi=1&partnerid=100&partneruserid=fded2c04-7114-40d4-818d-c12eb37673cf:0
[  352114ms] [ERROR] Failed to load resource: net::ERR_CONNECTION_REFUSED @ https://cm.g.doubleclick.net/pixel?google_nid=openx&google_cm&google_sc:0
[  352115ms] [ERROR] Failed to load resource: net::ERR_CONNECTION_REFUSED @ https://match.adsrvr.org/track/cmf/openx?oxid=e864bbfc-e0d6-7fb8-c61f-7f129565a809&gdpr=0:0
[  352115ms] [ERROR] Failed to load resource: net::ERR_CONNECTION_REFUSED @ https://ups.analytics.yahoo.com/ups/58934/cms:0
[  352116ms] [ERROR] Failed to load resource: net::ERR_CONNECTION_REFUSED @ https://ad.turn.com/r/cs?pid=9&gdpr=0:0
[  352334ms] [ERROR] Failed to load resource: net::ERR_CONNECTION_REFUSED @ https://rtb-csync.smartadserver.com/redir/?issi=1&partnerid=49&partneruserid=7673622260252735851:0
[  352335ms] [ERROR] Failed to load resource: net::ERR_CONNECTION_REFUSED @ https://bttrack.com/pixel/cookiesyncredir?rurl=https%3A%2F%2Frtb-csync.smartadserver.com%2Fredir%2F%3Fissi%3D1%26partnerid%3D176%26partneruserid%3D%7Bglobalid%7D:0
[  352335ms] [ERROR] Failed to load resource: net::ERR_CONNECTION_REFUSED @ https://stx-match.dotomi.com/match/bounce/current?networkId=44410&version=1&nuid=SMART_USER_ID:0
[  352335ms] [ERROR] Failed to load resource: net::ERR_CONNECTION_REFUSED @ https://ssc-cms.33across.com/ps/?ri=0013300001kQj2HAAS&ru=https%3A%2F%2Frtb-csync.smartadserver.com%2Fredir%2F%3Fissi%3D1%26partnerid%3D180%26partneruserid%3D33XUSERID33X:0
[  352335ms] [ERROR] Failed to load resource: net::ERR_CONNECTION_REFUSED @ https://sync.1rx.io/usersync2/rmpssp?sub=sharethrough:0
[  352365ms] [ERROR] Failed to load resource: net::ERR_CONNECTION_REFUSED @ https://tr.blismedia.com/v1/api/sync/openx:0
[  352365ms] [ERROR] Failed to load resource: net::ERR_CONNECTION_REFUSED @ https://rtb-csync.smartadserver.com/redir/?issi=1&partnerid=85&partneruserid=bee9b190-4497-4859-b93b-01e2320b77aa:0
[  352365ms] [ERROR] Failed to load resource: net::ERR_CONNECTION_REFUSED @ https://rtb-csync.smartadserver.com/redir/?gdpr=&gdpr_consent=&issi=1&partnerid=152&partneruserid=515bb6a7-86c8-47de-96a5-4347981b33e5:0
[  352581ms] [ERROR] Failed to load resource: net::ERR_CONNECTION_REFUSED @ https://d.adroll.com/cm/equativ/tp_out?advertisable=3GMDZMBFQREVBC75SYYKWH:0
[  353305ms] [ERROR] Failed to load resource: net::ERR_CONNECTION_REFUSED @ https://rtb-csync.smartadserver.com/redir/?issi=1&partnerid=164&partneruserid=dsp_93be421b-f81f-470c-9f08-8d8e02ea1ed6&gdpr=&gdpr_consent=:0
[  353879ms] [ERROR] Failed to load resource: net::ERR_CONNECTION_REFUSED @ https://rtb-csync.smartadserver.com/redir/?issi=1&partnerid=181&partneruserid=ua-429fcf3f-1122-3453-9d9f-c9f6d2eab221:0
[  362284ms] [WARNING] Handler scope is deprecated. Use arrow function or bind. @ https://a.poki-cdn.com/ay/client-v2_fd398e0df0a7a854269de40c2618f8c80812d2d1.js:16
[  362284ms] [WARNING] Handler scope is deprecated. Use arrow function or bind. @ https://a.poki-cdn.com/ay/client-v2_fd398e0df0a7a854269de40c2618f8c80812d2d1.js:16
[  362288ms] [ERROR] %cPOKI:%c Bot, IMA or Adblocker error background-color: red; border-radius: 3px; color: white; padding: 1px 5px  @ https://a.poki-cdn.com/ay/client-v2_fd398e0df0a7a854269de40c2618f8c80812d2d1.js:16
[  362288ms] [ERROR] %cPOKI:%c Bot, IMA or Adblocker error background-color: red; border-radius: 3px; color: white; padding: 1px 5px  @ https://a.poki-cdn.com/ay/client-v2_fd398e0df0a7a854269de40c2618f8c80812d2d1.js:16
[  362288ms] [ERROR] %cPOKI:%c Bot, IMA or Adblocker error background-color: red; border-radius: 3px; color: white; padding: 1px 5px  @ https://a.poki-cdn.com/ay/client-v2_fd398e0df0a7a854269de40c2618f8c80812d2d1.js:16
[  362290ms] [ERROR] Failed to load resource: net::ERR_CONNECTION_REFUSED @ https://s0.2mdn.net/instream/video/client.js:0
[  362299ms] [INFO] %cPOKI:%c PokiSDK.gameplayStart( background-color: green; border-radius: 3px; color: white; padding: 1px 5px   ) @ https://game-cdn.poki.com/scripts/460329bfef41a6d4fb73f6638b23a446bee97c21/poki-sdk-hoist-460329bfef41a6d4fb73f6638b23a446bee97c21.js:0
